{
	"format_version": "1.8.0",
	"animations": {
		"blow": {
			"animation_length": 0.54167,
			"bones": {
				"group": {
					"rotation": {
						"0.0": {
							"vector": [-166.85447, 29.79696, -189.45832]
						},
						"0.1667": {
							"vector": [8.98218, 44.79904, -26.58334],
							"easing": "easeInBack"
						},
						"0.375": {
							"vector": [146.84584, -36.06291, -149.64875],
							"easing": "easeInElastic"
						}
					},
					"position": {
						"0.0": {
							"vector": [0, 0, 0]
						},
						"0.375": {
							"vector": [14, 0, -20],
							"easing": "easeOutElastic"
						}
					},
					"scale": {
						"vector": [1, 1, 1]
					}
				}
			}
		},
		"idle": {
			"loop": true,
			"bones": {
				"group": {
					"rotation": {
						"vector": [0, 0, -38]
					},
					"position": {
						"vector": [0, 0, 0]
					},
					"scale": {
						"vector": [1, 1, 1]
					}
				}
			}
		}
	},
	"geckolib_format_version": 2
}