{
	"format_version": "1.8.0",
	"animations": {
		"eat": {
			"animation_length": 0.7083,
			"bones": {
				"whole": {
					"rotation": {
						"0.0": {
							"vector": [0, 15, 0]
						},
						"0.1667": {
							"vector": [-7.5, 0, 0]
						},
						"0.7083": {
							"vector": [0, 15, 0]
						}
					},
					"position": {
						"0.0": {
							"vector": [0, -6, 0]
						},
						"0.1667": {
							"vector": [0, -5, 5.2]
						},
						"0.4167": {
							"vector": [0, -5, -3],
							"easing": "easeOutBack"
						},
						"0.5": {
							"vector": [0, -5, -3],
							"easing": "easeOutBack"
						},
						"0.6667": {
							"vector": [0, -4, -0.73]
						},
						"0.7083": {
							"vector": [0, -6, 0]
						}
					}
				},
				"head": {
					"rotation": {
						"0.0": {
							"vector": [22.40301, -29.36091, -13.33675]
						},
						"0.1667": {
							"vector": [-28.91391, -6.81821, -29.83095]
						},
						"0.4167": {
							"vector": [8.58609, -6.81821, -29.83095],
							"easing": "easeOutBack"
						},
						"0.5": {
							"vector": [8.58609, -6.81821, -29.83095]
						},
						"0.7083": {
							"vector": [22.40301, -29.36091, -13.33675]
						}
					},
					"position": {
						"0.0": {
							"vector": [0, -1, 0],
							"easing": "easeInBounce"
						},
						"0.1667": {
							"vector": [0, -1, -4]
						},
						"0.4167": {
							"vector": [0, -1, -4],
							"easing": "easeOutBack"
						},
						"0.5": {
							"vector": [0, -1, 0],
							"easing": "easeOutBack"
						},
						"0.7083": {
							"vector": [0, -1, 0],
							"easing": "easeInBounce"
						}
					},
					"scale": {
						"0.0": {
							"vector": [1, 1, 1]
						},
						"0.1667": {
							"vector": [1, 1, 1]
						},
						"0.4167": {
							"vector": [1, 1, 1.2],
							"easing": "easeOutBack"
						},
						"0.5417": {
							"vector": [1, 1, 1]
						},
						"0.7083": {
							"vector": [1, 1, 1]
						}
					}
				},
				"leg0": {
					"rotation": {
						"0.0": {
							"vector": [63.72206, 71.82124, 15.45201]
						},
						"0.7083": {
							"vector": [63.72206, 71.82124, 15.45201]
						}
					},
					"position": {
						"0.0": {
							"vector": [0, 0, 0]
						},
						"0.7083": {
							"vector": [0, 0, 0]
						}
					}
				},
				"leg1": {
					"rotation": {
						"0.0": {
							"vector": [0, 0, 75]
						},
						"0.7083": {
							"vector": [0, 0, 75]
						}
					}
				},
				"leg2": {
					"rotation": {
						"0.0": {
							"vector": [-2.24878, 44.39355, -41.54676]
						},
						"0.1667": {
							"vector": [-89.74878, 44.39355, -41.54676]
						},
						"0.4167": {
							"vector": [7.75122, 44.39355, -41.54676],
							"easing": "easeOutBack"
						},
						"0.7083": {
							"vector": [-2.24878, 44.39355, -41.54676]
						}
					}
				},
				"leg3": {
					"rotation": {
						"0.0": {
							"vector": [-168.74207, 57.55332, -58.21865]
						},
						"0.1667": {
							"vector": [-118.21189, 54.79501, -113.42692]
						},
						"0.4167": {
							"vector": [-238.42396, 55.89833, -91.34361],
							"easing": "easeOutBack"
						},
						"0.7083": {
							"vector": [-168.74207, 57.55332, -58.21865]
						}
					}
				},
				"body": {
					"rotation": {
						"0.0": {
							"vector": [0, 0, 0]
						},
						"0.1667": {
							"vector": [0, 0, 0]
						},
						"0.7083": {
							"vector": [0, 0, 0]
						}
					},
					"position": {
						"0.0": {
							"vector": [0, 0, 0]
						},
						"0.7083": {
							"vector": [0, 0, 0]
						}
					},
					"scale": {
						"0.0": {
							"vector": [1, 1, 1]
						},
						"0.7083": {
							"vector": [1, 1, 1]
						}
					}
				},
				"jaw": {
					"rotation": {
						"0.0": {
							"vector": [0, 0, 0]
						},
						"0.1667": {
							"vector": [75, 0, 0]
						},
						"0.4167": {
							"vector": [-40, 0, 0],
							"easing": "easeOutBack",
							"easingArgs": [1]
						},
						"0.5": {
							"vector": [-35, 0, 0],
							"easing": "easeOutBack"
						},
						"0.7083": {
							"vector": [0, 0, 0]
						}
					},
					"position": {
						"0.0": {
							"vector": [0, 0, 0]
						},
						"0.7083": {
							"vector": [0, 0, 0]
						}
					},
					"scale": {
						"0.0": {
							"vector": [1, 1, 1]
						},
						"0.7083": {
							"vector": [1, 1, 1]
						}
					}
				}
			}
		},
		"roar": {
			"animation_length": 7.0833,
			"bones": {
				"whole": {
					"rotation": {
						"0.0": {
							"vector": [0, 0, 0]
						},
						"0.875": {
							"vector": [-10, 0, 0],
							"easing": "easeOutBounce",
							"easingArgs": [0.2]
						},
						"1.0": {
							"vector": [6.42, 0, 0],
							"easing": "easeInBack"
						},
						"1.4167": {
							"vector": [-92.5, 0, 0],
							"easing": "easeInOutBack"
						},
						"2.0": {
							"vector": [-55, 0, 0],
							"easing": "easeInBack"
						},
						"3.0": {
							"vector": [-54.95, 2.01, 1.41]
						},
						"4.0417": {
							"vector": [-62.3973, 4.09405, 2.87277],
							"easing": "easeInBounce"
						},
						"4.9583": {
							"vector": [-44.64228, -4.08445, -2.91323]
						},
						"5.875": {
							"vector": [-59.8973, 4.09405, 2.87277],
							"easing": "easeOutBounce"
						},
						"6.7917": {
							"vector": [-54.95, 2.01, 1.41]
						},
						"6.875": {
							"vector": [10, 0, 0],
							"easing": "easeInBack"
						},
						"7.0417": {
							"vector": [0, 0, 0]
						}
					},
					"position": {
						"0.0": {
							"vector": [0, -6, 0]
						},
						"0.875": {
							"vector": [0, -6, 0]
						},
						"1.1667": {
							"vector": [0, 4.08, 0]
						},
						"1.4167": {
							"vector": [0, 8, 0],
							"easing": "easeInOutBack"
						},
						"2.0": {
							"vector": [0, 3, 0]
						},
						"2.3333": {
							"vector": [0, 2, 0]
						},
						"6.7917": {
							"vector": [0, 10.87, -3]
						},
						"6.875": {
							"vector": [0, -6, 0],
							"easing": "easeInBack"
						},
						"7.0417": {
							"vector": [0, -9, 0]
						}
					},
					"scale": {
						"0.0": {
							"vector": [1, 1, 1]
						},
						"2.0": {
							"vector": [1, 1, 1]
						},
						"2.3333": {
							"vector": [0.9, 1, 0.9]
						},
						"3.0": {
							"vector": [0.94, 1, 0.94]
						},
						"3.125": {
							"vector": [1.1267, 1.1, 1.0267]
						},
						"5.875": {
							"vector": [1, 1, 1],
							"easing": "easeOutBounce",
							"easingArgs": [1.2]
						},
						"6.7917": {
							"vector": [1, 1, 1],
							"easing": "easeOutBounce",
							"easingArgs": [1.2]
						},
						"7.0417": {
							"vector": [1, 1, 1]
						}
					}
				},
				"body": {
					"rotation": {
						"0.0": {
							"vector": [0, 0, 0]
						},
						"0.9583": {
							"vector": [0, 0, 0],
							"easing": "easeInBounce",
							"easingArgs": [0.1]
						},
						"1.4167": {
							"vector": [0, 0, 0]
						},
						"7.0417": {
							"vector": [0, 0, 0]
						}
					},
					"position": {
						"0.0": {
							"vector": [0, 0, 0]
						},
						"0.9583": {
							"vector": [0, 0, 0]
						},
						"1.4167": {
							"vector": [0, 0, 0]
						},
						"7.0417": {
							"vector": [0, 0, 0]
						}
					},
					"scale": {
						"0.0": {
							"vector": [1, 1, 1]
						},
						"0.9583": {
							"vector": [1, 1, 1]
						},
						"1.4167": {
							"vector": [1, 1, 1]
						},
						"7.0417": {
							"vector": [1, 1, 1]
						}
					}
				},
				"tail": {
					"rotation": {
						"0.0": {
							"vector": [0, 0, 0]
						},
						"7.0417": {
							"vector": [0, 0, 0]
						}
					},
					"position": {
						"0.0": {
							"vector": [0, 0, 0]
						},
						"7.0417": {
							"vector": [0, 0, 0]
						}
					},
					"scale": {
						"0.0": {
							"vector": [1, 1, 1]
						},
						"7.0417": {
							"vector": [1, 1, 1]
						}
					}
				},
				"head": {
					"rotation": {
						"0.0": {
							"vector": [30, 0, -25]
						},
						"0.8333": {
							"vector": [10, 0, -25],
							"easing": "easeOutBounce",
							"easingArgs": [0.2]
						},
						"1.4167": {
							"vector": [12.86905, -4.4566, -1.05112],
							"easing": "easeInOutElastic"
						},
						"2.0": {
							"vector": [32.86905, -4.4566, -1.05112],
							"easing": "easeInBack"
						},
						"2.3333": {
							"vector": [42.86905, -4.4566, -1.05112]
						},
						"3.0": {
							"vector": [2.86905, -4.4566, -1.05112]
						},
						"4.0417": {
							"vector": [-21.21909, 29.42907, 13.95567],
							"easing": "easeOutBounce",
							"easingArgs": [0.5]
						},
						"4.9583": {
							"vector": [-26.84535, -28.58596, 31.78312],
							"easing": "easeOutBounce",
							"easingArgs": [0.5]
						},
						"5.875": {
							"vector": [-21.21909, 29.42907, 13.95567],
							"easing": "easeOutBounce",
							"easingArgs": [0.5]
						},
						"6.7917": {
							"vector": [-26.84535, -28.58596, 31.78312],
							"easing": "easeOutBounce",
							"easingArgs": [0.5]
						},
						"7.0417": {
							"vector": [30, 0, -25]
						}
					},
					"position": {
						"0.0": {
							"vector": [0, -1, 0]
						},
						"1.4167": {
							"vector": [0, -1, 0]
						},
						"2.3333": {
							"vector": [0, -1, 1.26]
						},
						"3.0": {
							"vector": [0, -1, -3]
						},
						"6.7917": {
							"vector": [0, -1, -3]
						},
						"6.875": {
							"vector": [0, 3, 0]
						},
						"7.0417": {
							"vector": [0, -1, 0]
						}
					},
					"scale": {
						"0.0": {
							"vector": [1, 1, 1]
						},
						"1.4167": {
							"vector": [1, 1, 1]
						},
						"7.0417": {
							"vector": [1, 1, 1]
						}
					}
				},
				"jaw": {
					"rotation": {
						"0.0": {
							"vector": [0, 0, 0]
						},
						"0.8333": {
							"vector": [-57.5, 0, 0],
							"easing": "easeOutBounce",
							"easingArgs": [0.2]
						},
						"1.125": {
							"vector": [-15, 0, 0],
							"easing": "easeInBack"
						},
						"1.4167": {
							"vector": [-15, 0, 0]
						},
						"2.3333": {
							"vector": [-40, 0, 0]
						},
						"3.0": {
							"vector": [22.5, 0, 0]
						},
						"4.9583": {
							"vector": [72.5, 0, 0],
							"easing": "easeOutBack"
						},
						"6.7917": {
							"vector": [72.5, 0, 0],
							"easing": "easeOutBack"
						},
						"7.0417": {
							"vector": [0, 0, 0]
						}
					},
					"position": {
						"0.0": {
							"vector": [0, 0, 0]
						},
						"0.8333": {
							"vector": [0, -2, 1],
							"easing": "easeOutBounce",
							"easingArgs": [0.2]
						},
						"1.125": {
							"vector": [0, 0, 1],
							"easing": "easeInBack"
						},
						"1.4167": {
							"vector": [0, 0, 1]
						},
						"3.0": {
							"vector": [0, -2, -2]
						},
						"6.7917": {
							"vector": [0, -3, -3]
						},
						"7.0417": {
							"vector": [0, 0, 0]
						}
					},
					"scale": {
						"0.0": {
							"vector": [1, 1, 1]
						},
						"1.4167": {
							"vector": [1, 1, 1]
						},
						"7.0417": {
							"vector": [1, 1, 1]
						}
					}
				},
				"leg1": {
					"rotation": {
						"0.0": {
							"vector": [0, 0, 75]
						},
						"0.9583": {
							"vector": [0, 0, 75]
						},
						"1.2917": {
							"vector": [0, 0, 0],
							"easing": "easeInOutElastic"
						},
						"1.4167": {
							"vector": [0, 0, 0]
						},
						"2.0": {
							"vector": [-37.5, 0, 0],
							"easing": "easeOutBack"
						},
						"6.7917": {
							"vector": [-37.5, 0, 0]
						},
						"6.875": {
							"vector": [0, 0, 75],
							"easing": "easeInBack"
						},
						"7.0417": {
							"vector": [0, 0, 75]
						}
					},
					"position": {
						"0.0": {
							"vector": [0, 0, 0]
						},
						"1.4167": {
							"vector": [0, 0, 0]
						},
						"6.7917": {
							"vector": [0, 0, 0]
						},
						"6.875": {
							"vector": [0, 5, 0]
						},
						"7.0417": {
							"vector": [0, 0, 0]
						}
					},
					"scale": {
						"0.0": {
							"vector": [1, 1, 1]
						},
						"1.4167": {
							"vector": [1, 1, 1]
						},
						"7.0417": {
							"vector": [1, 1, 1]
						}
					}
				},
				"leg2": {
					"rotation": {
						"0.0": {
							"vector": [-90, -47.5, 7.5]
						},
						"0.9583": {
							"vector": [35, 0, 7],
							"easing": "easeOutBounce",
							"easingArgs": [0.2]
						},
						"1.125": {
							"vector": [-110.41778, 0, 3.41644]
						},
						"1.4167": {
							"vector": [39.58, 0, 3.42]
						},
						"6.7917": {
							"vector": [39.58, 0, 3.42]
						},
						"6.875": {
							"vector": [-90, -47.5, 7.5],
							"easing": "easeInBack"
						},
						"7.0417": {
							"vector": [-90, -47.5, 7.5]
						}
					},
					"position": {
						"0.0": {
							"vector": [0, 0, 0]
						},
						"1.4167": {
							"vector": [0, 0, 0]
						},
						"6.7917": {
							"vector": [0, 0, 0]
						},
						"6.875": {
							"vector": [0, 8, 0]
						},
						"7.0417": {
							"vector": [0, 0, 0]
						}
					},
					"scale": {
						"0.0": {
							"vector": [1, 1, 1]
						},
						"7.0417": {
							"vector": [1, 1, 1]
						}
					}
				},
				"leg3": {
					"rotation": {
						"0.0": {
							"vector": [-168.74, 57.55, -58.22]
						},
						"0.9583": {
							"vector": [25, 0, 0],
							"easing": "easeOutBounce",
							"easingArgs": [0.2]
						},
						"1.125": {
							"vector": [-140.78, 0, 0],
							"easing": "easeOutBack"
						},
						"1.4167": {
							"vector": [34.22, 0, 0],
							"easing": "easeInElastic"
						},
						"6.7917": {
							"vector": [34.22, 0, 0]
						},
						"6.875": {
							"vector": [-168.74207, 57.55332, -58.21865],
							"easing": "easeInBack"
						},
						"7.0417": {
							"vector": [-168.74, 57.55, -58.22]
						},
						"7.0833": {
							"vector": [-126.24207, 57.55332, -58.21865],
							"easing": "easeInBack"
						}
					},
					"position": {
						"0.0": {
							"vector": [0, 0, 0]
						},
						"1.4167": {
							"vector": [0, 0, 0]
						},
						"6.7917": {
							"vector": [0, 0, 0]
						},
						"6.875": {
							"vector": [0, 7, 0]
						},
						"7.0417": {
							"vector": [0, 0, 0]
						}
					},
					"scale": {
						"0.0": {
							"vector": [1, 1, 1]
						},
						"7.0417": {
							"vector": [1, 1, 1]
						}
					}
				},
				"leg0": {
					"rotation": {
						"0.0": {
							"vector": [63.72, 71.82, 15.45]
						},
						"0.9583": {
							"vector": [63.72206, 71.82124, 15.45201]
						},
						"1.4167": {
							"vector": [0, 0, 0],
							"easing": "easeInOutElastic"
						},
						"2.0": {
							"vector": [-35, 0, 0],
							"easing": "easeOutBack"
						},
						"6.7917": {
							"vector": [-35, 0, 0]
						},
						"6.875": {
							"vector": [63.72206, 71.82124, 15.45201],
							"easing": "easeInBack"
						},
						"7.0417": {
							"vector": [63.72, 71.82, 15.45]
						}
					},
					"position": {
						"0.0": {
							"vector": [0, 0, 0]
						},
						"1.4167": {
							"vector": [0, 0, 0]
						},
						"6.7917": {
							"vector": [0, 0, 0]
						},
						"6.875": {
							"vector": [0, 5, 0],
							"easing": "easeInBack"
						},
						"7.0417": {
							"vector": [0, 0, 0]
						}
					},
					"scale": {
						"0.0": {
							"vector": [1, 1, 1]
						},
						"7.0417": {
							"vector": [1, 1, 1]
						}
					}
				}
			},
			"sound_effects": {
				"3.0417": {
					"effect": "clogroaring"
				}
			}
		},
		"rush": {
			"animation_length": 1.75,
			"override_previous_animation": true,
			"bones": {
				"whole": {
					"rotation": {
						"0.0": {
							"vector": [0, 0, 0],
							"easing": "linear"
						},
						"1.0": {
							"vector": [-17.5, 0, 0],
							"easing": "easeInOutBack",
							"easingArgs": []
						},
						"1.25": {
							"vector": [12.5, 0, 0],
							"easing": "easeOutBack",
							"easingArgs": []
						},
						"1.4167": {
							"vector": [-2.5, 0, 0],
							"easing": "easeInBack",
							"easingArgs": [3]
						}
					},
					"position": {
						"0.0": {
							"vector": [0, -5, 0],
							"easing": "linear"
						},
						"1.0": {
							"vector": [0, -1, 0],
							"easing": "easeInOutBack",
							"easingArgs": []
						},
						"1.25": {
							"vector": [0, 2, 0],
							"easing": "easeOutBack",
							"easingArgs": []
						},
						"1.4167": {
							"vector": [0, -5, -5],
							"easing": "easeInBack",
							"easingArgs": [3]
						},
						"1.4583": {
							"vector": [0, -5, -3],
							"easing": "linear"
						}
					},
					"scale": {
						"vector": [1, 1, 1],
						"easing": "linear"
					}
				},
				"head": {
					"rotation": {
						"0.0": {
							"vector": [30, 0, -25],
							"easing": "linear"
						},
						"1.0": {
							"vector": [19.6381, 3.13059, -0.73009],
							"easing": "easeInOutBack",
							"easingArgs": []
						},
						"1.25": {
							"vector": [-20.3619, 3.13059, -0.73009],
							"easing": "linear"
						},
						"1.4167": {
							"vector": [-2.8619, 3.13059, -0.73009],
							"easing": "linear"
						}
					},
					"position": {
						"0.0": {
							"vector": [0, -1, 0],
							"easing": "easeInBounce",
							"easingArgs": []
						},
						"1.0": {
							"vector": [0, -1, -1],
							"easing": "easeInOutBack",
							"easingArgs": []
						}
					},
					"scale": {
						"vector": [1, 1, 1],
						"easing": "linear"
					}
				},
				"leg0": {
					"rotation": {
						"0.0": {
							"vector": [63.72206, 71.82124, 15.45201],
							"easing": "linear"
						},
						"0.9583": {
							"vector": [-48.77794, 71.82124, 15.45201],
							"easing": "linear"
						},
						"1.25": {
							"vector": [-90, 0, 0],
							"easing": "linear"
						},
						"1.4167": {
							"vector": [55, 0, 0],
							"easing": "linear"
						}
					},
					"position": {
						"0.0": {
							"vector": [0, 0, 0],
							"easing": "linear"
						},
						"1.25": {
							"vector": [0, 5, 2],
							"easing": "linear"
						}
					}
				},
				"leg1": {
					"rotation": {
						"0.0": {
							"vector": [0, 0, 75],
							"easing": "linear"
						},
						"0.9583": {
							"vector": [0, 0, -50],
							"easing": "linear"
						},
						"1.25": {
							"vector": [-82.5, 0, 0],
							"easing": "linear"
						},
						"1.4167": {
							"vector": [77.5, 0, 0],
							"easing": "linear"
						}
					},
					"position": {
						"0.0": {
							"vector": [0, 0, 0],
							"easing": "linear"
						},
						"1.25": {
							"vector": [0, 3, 2],
							"easing": "linear"
						}
					}
				},
				"leg2": {
					"rotation": {
						"0.0": {
							"vector": [-90, -47.5, 7.5],
							"easing": "linear"
						},
						"1.0": {
							"vector": [27.5, 0, 0],
							"easing": "easeInOutBack",
							"easingArgs": []
						},
						"1.25": {
							"vector": [-137.5, 0, 0],
							"easing": "easeOutBack",
							"easingArgs": []
						},
						"1.4167": {
							"vector": [55, 0, 0],
							"easing": "linear"
						}
					},
					"position": {
						"0.0": {
							"vector": [0, 0, 0],
							"easing": "linear"
						},
						"1.0": {
							"vector": [0, 0, 0],
							"easing": "easeInBack",
							"easingArgs": []
						}
					}
				},
				"leg3": {
					"rotation": {
						"0.0": {
							"vector": [-168.74207, 57.55332, -58.21865],
							"easing": "linear"
						},
						"1.0": {
							"vector": [35, 0, 0],
							"easing": "easeInOutBack",
							"easingArgs": []
						},
						"1.25": {
							"vector": [-170, 0, 0],
							"easing": "easeInBack",
							"easingArgs": [2]
						},
						"1.4167": {
							"vector": [40, 0, 0],
							"easing": "linear"
						}
					},
					"position": {
						"vector": [0, 0, 0],
						"easing": "linear"
					},
					"scale": {
						"vector": [1, 1, 1],
						"easing": "linear"
					}
				},
				"body": {
					"rotation": {
						"0.0": {
							"vector": [0, 0, 0],
							"easing": "linear"
						},
						"1.0": {
							"vector": [0, 0, 0],
							"easing": "linear"
						},
						"1.25": {
							"vector": [12.5, 0, 0],
							"easing": "easeInBack",
							"easingArgs": [2]
						}
					},
					"position": {
						"0.0": {
							"vector": [0, 0, 0],
							"easing": "linear"
						},
						"1.0": {
							"vector": [0, 0, 0],
							"easing": "linear"
						}
					},
					"scale": {
						"vector": [1, 1, 1],
						"easing": "linear"
					}
				},
				"jaw": {
					"rotation": {
						"0.0": {
							"vector": [0, 0, 0],
							"easing": "linear"
						},
						"0.5": {
							"vector": [-40, 0, 0],
							"easing": "easeInBounce",
							"easingArgs": []
						},
						"1.0": {
							"vector": [-32.60362, -1.61888, 7.32417],
							"easing": "easeInOutBack",
							"easingArgs": []
						},
						"1.25": {
							"vector": [-32.60362, -1.61888, 7.32417],
							"easing": "easeInOutBack",
							"easingArgs": []
						},
						"1.4167": {
							"vector": [14.89638, -1.61888, 7.32417],
							"easing": "linear"
						}
					},
					"position": {
						"0.0": {
							"vector": [0, 0, 0],
							"easing": "linear"
						},
						"0.5": {
							"vector": [0, 0, 0],
							"easing": "linear"
						},
						"1.0": {
							"vector": [0, -1, 1],
							"easing": "easeInOutBack",
							"easingArgs": []
						},
						"1.25": {
							"vector": [0, -1, 1],
							"easing": "easeInOutBack",
							"easingArgs": []
						},
						"1.4167": {
							"vector": [0, -2, -3]
						}
					},
					"scale": {
						"vector": [1, 1, 1],
						"easing": "linear"
					}
				}
			}
		},
		"dies2": {
			"loop": true,
			"animation_length": 1.5417,
			"bones": {
				"whole": {
					"rotation": {
						"0.0": {
							"vector": [0, 0, 0]
						},
						"0.0833": {
							"vector": [2.5, 0, -5]
						},
						"0.1667": {
							"vector": [2.5, 0, 5]
						},
						"0.25": {
							"vector": [-4.95744, -0.65182, -2.47178]
						},
						"0.2917": {
							"vector": [-4.98107, -0.43523, 0.01893]
						},
						"0.3333": {
							"vector": [-4.95744, -0.65182, -2.47178]
						},
						"0.375": {
							"vector": [-4.98107, -0.43523, 0.01893]
						},
						"0.4167": {
							"vector": [-4.95744, -0.65182, -2.47178]
						},
						"0.4583": {
							"vector": [-4.98107, -0.43523, 0.01893]
						},
						"0.5": {
							"vector": [-7.45744, -0.65182, -2.47178]
						},
						"0.5417": {
							"vector": [-7.42442, -0.86717, -4.96271]
						},
						"0.5833": {
							"vector": [-4.98107, 0.43523, 9.98107]
						},
						"0.625": {
							"vector": [-4.95744, -0.65182, -2.47178]
						},
						"0.6667": {
							"vector": [-4.98107, -0.43523, 0.01893]
						},
						"0.7083": {
							"vector": [-4.95744, -0.65182, -2.47178]
						},
						"0.75": {
							"vector": [-4.98107, -0.43523, 0.01893]
						},
						"0.7917": {
							"vector": [-4.95744, -0.65182, -2.47178]
						},
						"0.8333": {
							"vector": [-4.98107, -0.43523, 0.01893]
						},
						"0.875": {
							"vector": [-7.45744, -0.65182, -2.47178]
						},
						"0.9167": {
							"vector": [-7.42442, -0.86717, -4.96271]
						},
						"0.9583": {
							"vector": [-4.98107, 0.43523, 9.98107]
						},
						"1.0": {
							"vector": [-4.95744, -0.65182, -2.47178]
						},
						"1.0417": {
							"vector": [-4.98107, -0.43523, 0.01893]
						},
						"1.0833": {
							"vector": [-4.95744, -0.65182, -2.47178]
						},
						"1.125": {
							"vector": [-4.98107, -0.43523, 0.01893]
						},
						"1.1667": {
							"vector": [-4.95744, -0.65182, -2.47178]
						},
						"1.2083": {
							"vector": [-4.98107, -0.43523, 0.01893]
						},
						"1.25": {
							"vector": [-7.45744, -0.65182, -2.47178]
						},
						"1.2917": {
							"vector": [-7.42442, -0.86717, -4.96271]
						},
						"1.3333": {
							"vector": [-4.98107, 0.43523, 9.98107]
						},
						"1.5": {
							"vector": [-49.98107, 0.43523, 9.98107]
						}
					},
					"position": {
						"0.0": {
							"vector": [0, -5, 0]
						},
						"1.3333": {
							"vector": [0, -6, 0]
						},
						"1.5": {
							"vector": [0, -3, -6]
						}
					}
				},
				"head": {
					"rotation": {
						"0.0": {
							"vector": [30, 0, -25]
						},
						"1.3333": {
							"vector": [30, 0, -25]
						},
						"1.4167": {
							"vector": [-22.5, 0, -25]
						}
					},
					"position": {
						"0.0": {
							"vector": [0, -1, 0],
							"easing": "easeInBounce"
						},
						"1.3333": {
							"vector": [0, -1, 0],
							"easing": "easeInBounce"
						},
						"1.375": {
							"vector": [0, -1, 0],
							"easing": "easeInBounce"
						},
						"1.4167": {
							"vector": [0, 10, -14]
						},
						"1.5417": {
							"vector": [0, 10, -14],
							"easing": "easeInBack"
						}
					},
					"scale": {
						"0.0": {
							"vector": [1, 1, 1]
						},
						"1.3333": {
							"vector": [1, 1, 1]
						}
					}
				},
				"leg0": {
					"rotation": {
						"0.0": {
							"vector": [63.72206, 71.82124, 15.45201]
						},
						"1.3333": {
							"vector": [63.72206, 71.82124, 15.45201]
						}
					},
					"position": {
						"0.0": {
							"vector": [0, 0, 0]
						},
						"1.3333": {
							"vector": [0, 0, 0]
						}
					},
					"scale": {
						"1.5": {
							"vector": [1, 1, 1]
						},
						"1.5417": {
							"vector": [0, 0, 0]
						}
					}
				},
				"leg1": {
					"rotation": {
						"vector": [0, 0, 75]
					},
					"scale": {
						"1.5": {
							"vector": [1, 1, 1]
						},
						"1.5417": {
							"vector": [0, 0, 0]
						}
					}
				},
				"leg2": {
					"rotation": {
						"0.0": {
							"vector": [-90, -47.5, 7.5]
						},
						"1.3333": {
							"vector": [-90, -47.5, 7.5]
						}
					},
					"scale": {
						"1.5": {
							"vector": [1, 1, 1]
						},
						"1.5417": {
							"vector": [0, 0, 0]
						}
					}
				},
				"leg3": {
					"rotation": {
						"0.0": {
							"vector": [-168.74207, 57.55332, -58.21865]
						},
						"1.3333": {
							"vector": [-168.74207, 57.55332, -58.21865]
						}
					},
					"scale": {
						"1.5": {
							"vector": [1, 1, 1]
						},
						"1.5417": {
							"vector": [0, 0, 0]
						}
					}
				},
				"body": {
					"rotation": {
						"0.0": {
							"vector": [0, 0, 0]
						},
						"1.3333": {
							"vector": [0, 0, 0]
						}
					},
					"position": {
						"0.0": {
							"vector": [0, 0, 0]
						},
						"1.3333": {
							"vector": [0, 0, 0]
						}
					},
					"scale": {
						"0.0": {
							"vector": [1, 1, 1]
						},
						"1.3333": {
							"vector": [1, 1, 1]
						},
						"1.5": {
							"vector": [2.2, 3.1, 2.1],
							"easing": "easeOutBack"
						},
						"1.5417": {
							"vector": [0, 0, 0]
						}
					}
				},
				"jaw": {
					"rotation": {
						"0.0": {
							"vector": [-40, 0, 0]
						},
						"1.3333": {
							"vector": [-37.5, 0, 0]
						},
						"1.5": {
							"vector": [32.5, 0, 0],
							"easing": "easeOutBack"
						}
					},
					"position": {
						"0.0": {
							"vector": [0, 0, 0]
						},
						"1.3333": {
							"vector": [0, 0, 0]
						},
						"1.4583": {
							"vector": [0, 0, 0]
						},
						"1.5": {
							"vector": [0, 0, 0],
							"easing": "easeOutBack"
						},
						"1.5417": {
							"vector": [0, 0, -3],
							"easing": "easeOutBack"
						}
					},
					"scale": {
						"0.0": {
							"vector": [1, 1, 1]
						},
						"1.3333": {
							"vector": [1, 1, 1]
						}
					}
				}
			}
		},
		"ded": {
			"loop": true,
			"bones": {
				"whole": {
					"rotation": {
						"vector": [0, 0, 0]
					},
					"position": {
						"vector": [0, -5, 0]
					}
				},
				"head": {
					"rotation": {
						"vector": [30, 0, -25]
					},
					"position": {
						"vector": ["easeInBounce", "easeInBounce", "easeInBounce"]
					},
					"scale": {
						"vector": [1, 1, 1]
					}
				},
				"leg0": {
					"rotation": {
						"vector": [63.72206, 71.82124, 15.45201]
					},
					"position": {
						"vector": [0, 0, 0]
					}
				},
				"leg1": {
					"rotation": {
						"vector": [0, 0, 75]
					}
				},
				"leg2": {
					"rotation": {
						"vector": [-90, -47.5, 7.5]
					}
				},
				"leg3": {
					"rotation": {
						"vector": [-168.74207, 57.55332, -58.21865]
					}
				},
				"body": {
					"rotation": {
						"vector": [0, 0, 0]
					},
					"position": {
						"vector": [0, 0, 0]
					},
					"scale": {
						"vector": [1, 1, 1]
					}
				},
				"jaw": {
					"rotation": {
						"vector": [0, 0, 0]
					},
					"position": {
						"vector": [0, 0, 0]
					},
					"scale": {
						"vector": [1, 1, 1]
					}
				}
			}
		},
		"run": {
			"loop": true,
			"animation_length": 0.5,
			"bones": {
				"whole": {
					"rotation": {
						"0.0": {
							"vector": [0.8976, -14.96096, -5.15616]
						},
						"0.0833": {
							"vector": [-1.87616, 18.62748, -7.88687]
						},
						"0.25": {
							"vector": [2.0169, 26.16226, 5.55117]
						},
						"0.3333": {
							"vector": [-4.36931, -23.36755, 10.90397]
						},
						"0.5": {
							"vector": [0.8976, -14.96096, -5.15616]
						}
					},
					"position": {
						"0.0": {
							"vector": [0, -5, 0]
						},
						"0.0833": {
							"vector": [-1, -6, 0]
						},
						"0.25": {
							"vector": [1, -6, 0],
							"easing": "easeOutBack"
						},
						"0.3333": {
							"vector": [1, -5, 0]
						},
						"0.5": {
							"vector": [0, -5, 0]
						}
					}
				},
				"head": {
					"rotation": {
						"0.0": {
							"vector": [6.60267, 17.14141, -0.97608]
						},
						"0.0417": {
							"vector": [4.83252, -0.89156, 1.89124]
						},
						"0.0833": {
							"vector": [3.13565, -18.7194, -0.23777]
						},
						"0.125": {
							"vector": [3.98167, -18.67321, -2.87661]
						},
						"0.1667": {
							"vector": [2.00576, -18.71941, 3.28188]
						},
						"0.2083": {
							"vector": [3.41676, -18.69847, -1.1194]
						},
						"0.25": {
							"vector": [3.13565, -18.7194, -0.23777]
						},
						"0.2917": {
							"vector": [3.24994, 1.21872, 4.98229]
						},
						"0.3333": {
							"vector": [-0.93718, 28.53899, -11.00239]
						},
						"0.375": {
							"vector": [2.16251, 20.29528, -5.42352]
						},
						"0.4167": {
							"vector": [1.89477, 19.26745, -9.23748]
						},
						"0.4583": {
							"vector": [5.8817, 17.98048, 0.1482]
						},
						"0.5": {
							"vector": [6.60267, 17.14141, -0.97608]
						}
					},
					"position": {
						"0.0": {
							"vector": [0, -1, 0],
							"easing": "easeInBounce"
						},
						"0.0833": {
							"vector": [-3, -1, 0]
						},
						"0.25": {
							"vector": [0, -1, 0],
							"easing": "easeOutBack"
						},
						"0.5": {
							"vector": [0, -1, 0],
							"easing": "easeInBounce"
						}
					},
					"scale": {
						"0.0": {
							"vector": [1, 1, 1]
						},
						"0.5": {
							"vector": [1, 1, 1]
						}
					}
				},
				"leg0": {
					"rotation": {
						"0.0": {
							"vector": [63.72206, 71.82124, 15.45201]
						},
						"0.5": {
							"vector": [63.72206, 71.82124, 15.45201]
						}
					},
					"position": {
						"0.0": {
							"vector": [0, 0, 0]
						},
						"0.5": {
							"vector": [0, 0, 0]
						}
					}
				},
				"leg1": {
					"rotation": {
						"0.0": {
							"vector": [0, 0, 75]
						},
						"0.5": {
							"vector": [0, 0, 75]
						}
					}
				},
				"leg2": {
					"rotation": {
						"0.0": {
							"vector": [-90, -47.5, 7.5]
						},
						"0.0833": {
							"vector": [-135, -47.5, 7.5]
						},
						"0.25": {
							"vector": [-90, -47.5, 7.5],
							"easing": "easeInBack"
						},
						"0.5": {
							"vector": [-90, -47.5, 7.5]
						}
					},
					"position": {
						"0.0": {
							"vector": [0, 0, 0]
						},
						"0.0833": {
							"vector": [0, 2, 0]
						},
						"0.25": {
							"vector": [0, 0, 0],
							"easing": "easeInBack"
						}
					}
				},
				"leg3": {
					"rotation": {
						"0.0": {
							"vector": [-121.38327, 39.10368, -32.16893],
							"easing": "easeOutBack"
						},
						"0.25": {
							"vector": [-121.38327, 39.10368, -32.16893]
						},
						"0.3333": {
							"vector": [-206.38327, 39.10368, -32.16893],
							"easing": "linear"
						},
						"0.5": {
							"vector": [-121.38327, 39.10368, -32.16893],
							"easing": "easeInBack"
						}
					}
				},
				"body": {
					"rotation": {
						"0.0": {
							"vector": [0, 0, -5]
						},
						"0.0833": {
							"vector": [0, 0, -10]
						},
						"0.25": {
							"vector": [0, 0, 0],
							"easing": "easeOutBack"
						},
						"0.5": {
							"vector": [0, 0, -5]
						}
					},
					"position": {
						"0.0": {
							"vector": [0, 0, 0]
						},
						"0.0833": {
							"vector": [0, 0, 0]
						},
						"0.5": {
							"vector": [0, 0, 0]
						}
					},
					"scale": {
						"0.0": {
							"vector": [1, 1, 1]
						},
						"0.0833": {
							"vector": [1, 1, 1]
						},
						"0.5": {
							"vector": [1, 1, 1]
						}
					}
				},
				"jaw": {
					"rotation": {
						"0.0": {
							"vector": [0, 0, 0]
						},
						"0.5": {
							"vector": [0, 0, 0]
						}
					},
					"position": {
						"0.0": {
							"vector": [0, 0, 0]
						},
						"0.5": {
							"vector": [0, 0, 0]
						}
					},
					"scale": {
						"0.0": {
							"vector": [1, 1, 1]
						},
						"0.5": {
							"vector": [1, 1, 1]
						}
					}
				}
			}
		},
		"digging": {
			"animation_length": 3.5,
			"override_previous_animation": true,
			"bones": {
				"whole": {
					"rotation": {
						"0.0": {
							"vector": [0, 0, 0]
						},
						"0.5": {
							"vector": [-9.76758, -2.15393, -12.31594]
						},
						"0.75": {
							"vector": [12.67286, -9.35405, -2.09307],
							"easing": "easeOutElastic"
						},
						"0.7917": {
							"vector": [12.54517, 0.32498, 0.07066]
						},
						"0.8333": {
							"vector": [12.59362, 4.51382, 1.0055]
						},
						"0.875": {
							"vector": [12.59332, -5.93815, -1.32521]
						},
						"0.9583": {
							"vector": [12.51153, 2.4407, 0.54143]
						},
						"1.0": {
							"vector": [12.5, 0, 0]
						},
						"1.0417": {
							"vector": [12.54624, 4.88119, 1.08482]
						},
						"1.125": {
							"vector": [12.68664, 9.76061, 2.18558]
						},
						"1.1667": {
							"vector": [12.51153, 2.4407, 0.54143]
						},
						"1.25": {
							"vector": [12.60443, 7.32123, 1.63219]
						},
						"1.2917": {
							"vector": [12.51153, -2.4407, -0.54143]
						},
						"1.375": {
							"vector": [12.79362, 12.19908, 2.74715]
						},
						"1.4167": {
							"vector": [12.60443, 7.32123, 1.63219]
						},
						"1.5": {
							"vector": [12.92638, 14.63639, 3.31914]
						}
					},
					"position": {
						"0.0": {
							"vector": [0, -9, 0]
						},
						"0.5": {
							"vector": [0, -9, 0]
						},
						"1.7917": {
							"vector": [0, -46, 14]
						}
					}
				},
				"head": {
					"rotation": {
						"0.0": {
							"vector": [0, 0, 0]
						},
						"0.5": {
							"vector": [56.00955, -26.90048, -13.80703]
						}
					}
				},
				"leg0": {
					"rotation": {
						"vector": [63.72206, 71.82124, 15.45201]
					},
					"position": {
						"vector": [0, 0, 0]
					}
				},
				"leg1": {
					"rotation": {
						"vector": [0, 0, 75]
					}
				},
				"leg2": {
					"rotation": {
						"0.0": {
							"vector": [-90, -47.5, 7.5]
						},
						"0.5": {
							"vector": [-147.5, -47.5, 7.5]
						},
						"0.75": {
							"vector": [-37.5, -47.5, 7.5],
							"easing": "easeInBack"
						}
					}
				},
				"leg3": {
					"rotation": {
						"0.0": {
							"vector": [-168.74207, 57.55332, -58.21865]
						},
						"0.5": {
							"vector": [-166.52481, 13.68784, 1.60117]
						},
						"0.75": {
							"vector": [-123.74207, 57.55332, -58.21865]
						}
					}
				},
				"body": {
					"rotation": {
						"vector": [0, 0, 0]
					},
					"position": {
						"vector": [0, 0, 0]
					},
					"scale": {
						"vector": [1, 1, 1]
					}
				},
				"jaw": {
					"rotation": {
						"0.0": {
							"vector": [0, 0, 0]
						},
						"0.5417": {
							"vector": [-32.5, 0, 0]
						}
					},
					"scale": {
						"vector": [1, 1, 1]
					}
				}
			}
		},
		"fart": {
			"animation_length": 3.75,
			"bones": {
				"whole": {
					"rotation": {
						"0.0": {
							"vector": [0, 0, 0]
						},
						"0.25": {
							"vector": [7.61435, -9.91358, -1.31845]
						},
						"0.5": {
							"vector": [10.00951, 0.77635, 0.42971]
						},
						"0.75": {
							"vector": [12.90809, -14.24859, -3.09974]
						},
						"1.0": {
							"vector": [15, 0, 0]
						},
						"1.6667": {
							"vector": [0, 0, 0]
						},
						"2.1667": {
							"vector": [-7.5, 0, 0]
						},
						"2.375": {
							"vector": [0, 0, 0],
							"easing": "easeOutBack",
							"easingArgs": [2]
						}
					},
					"position": {
						"0.0": {
							"vector": [0, -9, 0]
						},
						"1.6667": {
							"vector": [0, 2.54, 0]
						},
						"2.25": {
							"vector": [0, 2.54, 2]
						},
						"2.375": {
							"vector": [0, -9, 0],
							"easing": "easeOutBack",
							"easingArgs": [3]
						}
					},
					"scale": {
						"vector": [1, 1, 1]
					}
				},
				"head": {
					"rotation": {
						"0.0": {
							"vector": [30, 0, -25]
						},
						"0.8333": {
							"vector": [7.5, 0, -25]
						},
						"1.0": {
							"vector": [22.5, 0, -25],
							"easing": "easeOutBack"
						},
						"1.5833": {
							"vector": [22.0623, -4.2453, -13.23218],
							"easing": "easeInBounce"
						},
						"1.6667": {
							"vector": [22.5, 0, -25]
						},
						"2.1667": {
							"vector": [27.58602, 2.82298, -5.56573],
							"easing": "easeOutBounce"
						},
						"2.25": {
							"vector": [12.58602, 2.82298, -5.56573],
							"easing": "easeOutBack",
							"easingArgs": [3]
						},
						"2.4583": {
							"vector": [30, 0, -25]
						}
					},
					"position": {
						"0.0": {
							"vector": [0, -1, 0],
							"easing": "easeInBounce"
						},
						"1.0": {
							"vector": [0, 0, 0]
						},
						"1.6667": {
							"vector": [0, 3, 0]
						},
						"2.1667": {
							"vector": [0, 3, 2],
							"easing": "easeOutBounce"
						},
						"2.25": {
							"vector": [0, 4, -1],
							"easing": "easeOutBack",
							"easingArgs": [3]
						},
						"2.4583": {
							"vector": [0, -1, 0],
							"easing": "easeInBounce"
						}
					},
					"scale": {
						"0.0": {
							"vector": [1, 1, 1]
						},
						"1.0": {
							"vector": [1, 1, 1]
						},
						"1.6667": {
							"vector": [1, 1, 1]
						},
						"2.4583": {
							"vector": [1, 1, 1]
						}
					}
				},
				"leg0": {
					"rotation": {
						"vector": [63.72206, 71.82124, 15.45201]
					},
					"position": {
						"vector": [0, 0, 0]
					}
				},
				"leg1": {
					"rotation": {
						"vector": [0, 0, 75]
					}
				},
				"leg2": {
					"rotation": {
						"vector": [-90, -47.5, 7.5]
					}
				},
				"leg3": {
					"rotation": {
						"vector": [-168.74207, 57.55332, -58.21865]
					}
				},
				"body": {
					"rotation": {
						"0.0": {
							"vector": [0, 0, 0]
						},
						"1.0": {
							"vector": [0, 0, 0]
						}
					},
					"position": {
						"0.0": {
							"vector": [0, 0, 0]
						},
						"1.0": {
							"vector": [0, 0, 0]
						}
					},
					"scale": {
						"0.0": {
							"vector": [1, 1, 1]
						},
						"1.6667": {
							"vector": [1.2, 1, 1.2]
						},
						"2.1667": {
							"vector": [1.2, 1, 1.2]
						},
						"2.4583": {
							"vector": [1, 1, 1],
							"easing": "easeOutBack"
						}
					}
				},
				"jaw": {
					"rotation": {
						"0.0": {
							"vector": [0, 0, 0]
						},
						"0.4167": {
							"vector": [-9.44076, 4.07107, 2.90528]
						},
						"1.0": {
							"vector": [-42.34126, -7.04533, -2.57816],
							"easing": "easeInBack"
						},
						"1.6667": {
							"vector": [0, 0, 0]
						},
						"1.9583": {
							"vector": [-55, 0, 0]
						},
						"2.1667": {
							"vector": [-55, 0, 0]
						},
						"2.25": {
							"vector": [2.5, 0, 0],
							"easing": "easeOutBack",
							"easingArgs": [3]
						},
						"2.4583": {
							"vector": [0, 0, 0]
						}
					},
					"position": {
						"0.0": {
							"vector": [0, 0, 0]
						},
						"0.625": {
							"vector": [0, -0.79, 0]
						},
						"0.7917": {
							"vector": [0, -1, 0]
						},
						"1.6667": {
							"vector": [0, 0, 0]
						},
						"1.9583": {
							"vector": [0, -2, 0]
						},
						"2.1667": {
							"vector": [0, -2, 0]
						},
						"2.4583": {
							"vector": [0, 0, 0]
						}
					},
					"scale": {
						"0.0": {
							"vector": [1, 1, 1]
						},
						"0.625": {
							"vector": [1, 1, 1]
						},
						"1.6667": {
							"vector": [1, 1, 1]
						},
						"2.4583": {
							"vector": [1, 1, 1]
						}
					}
				}
			}
		},
		"idle": {
			"loop": true,
			"animation_length": 5,
			"bones": {
				"whole": {
					"rotation": {
						"0.0": {
							"vector": [0, 0, 0]
						},
						"0.9583": {
							"vector": [0, 0, 0]
						},
						"1.3333": {
							"vector": [0, 0, -5],
							"easing": "easeInBounce"
						},
						"1.5833": {
							"vector": [0, 0, 0],
							"easing": "easeInBounce"
						},
						"2.25": {
							"vector": [0, 0, 0]
						},
						"3.6667": {
							"vector": [-5, 0, 0]
						},
						"4.25": {
							"vector": [0, 0, 0],
							"easing": "easeInBounce",
							"easingArgs": [0.5]
						}
					},
					"position": {
						"0.0": {
							"vector": [0, -6, 0]
						},
						"0.9583": {
							"vector": [0, -6, 0]
						},
						"1.3333": {
							"vector": [0, -6, 0]
						},
						"2.25": {
							"vector": [0, -5, 0]
						},
						"3.6667": {
							"vector": [0, -6, 0]
						},
						"4.25": {
							"vector": [0, -5, 0],
							"easing": "linear"
						}
					},
					"scale": {
						"vector": [1, 1, 1]
					}
				},
				"head": {
					"rotation": {
						"0.0": {
							"vector": [30, 0, -25]
						},
						"0.8333": {
							"vector": [7.5, 0, -25]
						},
						"1.0": {
							"vector": [22.5, 0, -25],
							"easing": "easeOutBack"
						},
						"1.5833": {
							"vector": [22.0623, -4.2453, -13.23218],
							"easing": "easeInBounce"
						},
						"1.6667": {
							"vector": [22.5, 0, -25]
						},
						"2.25": {
							"vector": [30, 0, -25]
						},
						"3.625": {
							"vector": [22.5, 0, -25]
						},
						"4.9583": {
							"vector": [30, 0, -25]
						}
					},
					"position": {
						"0.0": {
							"vector": [0, -1, 0],
							"easing": "easeInBounce"
						},
						"1.0": {
							"vector": [0, 0, 0]
						},
						"1.6667": {
							"vector": [0, 0, 0]
						},
						"2.25": {
							"vector": [0, -1, 0],
							"easing": "easeInBounce"
						},
						"3.625": {
							"vector": [0, 0, 0],
							"easing": "easeInBack"
						},
						"4.9583": {
							"vector": [0, -1, 0],
							"easing": "linear"
						}
					},
					"scale": {
						"0.0": {
							"vector": [1, 1, 1]
						},
						"1.0": {
							"vector": [1, 1, 1]
						},
						"1.6667": {
							"vector": [1, 1, 1]
						},
						"2.25": {
							"vector": [1, 1, 1]
						}
					}
				},
				"leg0": {
					"rotation": {
						"0.0": {
							"vector": [63.72206, 71.82124, 15.45201]
						},
						"2.25": {
							"vector": [63.72206, 71.82124, 15.45201]
						}
					},
					"position": {
						"vector": [0, 0, 0]
					}
				},
				"leg1": {
					"rotation": {
						"vector": [0, 0, 75]
					}
				},
				"leg2": {
					"rotation": {
						"vector": [-90, -47.5, 7.5]
					}
				},
				"leg3": {
					"rotation": {
						"0.0": {
							"vector": [-168.74207, 57.55332, -58.21865]
						},
						"2.25": {
							"vector": [-168.74207, 57.55332, -58.21865]
						}
					}
				},
				"body": {
					"rotation": {
						"0.0": {
							"vector": [0, 0, 0]
						},
						"1.0": {
							"vector": [0, 0, 0]
						}
					},
					"position": {
						"0.0": {
							"vector": [0, 0, 0]
						},
						"1.0": {
							"vector": [0, 0, 0]
						}
					},
					"scale": {
						"vector": [1, 1, 1]
					}
				},
				"jaw": {
					"rotation": {
						"0.0": {
							"vector": [0, 0, 0]
						},
						"0.4167": {
							"vector": [-9.44076, 4.07107, 2.90528]
						},
						"1.0": {
							"vector": [-42.34126, -7.04533, -2.57816],
							"easing": "easeInBack"
						},
						"1.5833": {
							"vector": [-43.59456, 16.44607, 11.55868],
							"easing": "easeInElastic",
							"easingArgs": [0.2]
						},
						"2.25": {
							"vector": [0, 0, 0],
							"easing": "easeInBack"
						},
						"3.6667": {
							"vector": [-42.5, 0, 0]
						},
						"4.9583": {
							"vector": [-5, 0, 0]
						}
					},
					"position": {
						"0.0": {
							"vector": [0, 0, 0]
						},
						"0.625": {
							"vector": [0, -0.79, 0]
						},
						"0.7917": {
							"vector": [0, -1, 0]
						},
						"2.25": {
							"vector": [0, 0, 0],
							"easing": "easeInBack"
						}
					},
					"scale": {
						"0.0": {
							"vector": [1, 1, 1]
						},
						"0.625": {
							"vector": [1, 1, 1]
						},
						"2.25": {
							"vector": [1, 1, 1],
							"easing": "easeInBack"
						}
					}
				}
			}
		},
		"dies": {
			"loop": true,
			"animation_length": 4.5,
			"bones": {
				"whole": {
					"rotation": {
						"0.0": {
							"vector": [0, 0, 0]
						},
						"0.1667": {
							"vector": [0, 0, -2.5]
						},
						"0.3333": {
							"vector": [0, 0, 2.5]
						},
						"0.5": {
							"vector": [0, 0, -2.5]
						},
						"0.625": {
							"vector": [0, 0, 2.5]
						},
						"0.75": {
							"vector": [0, 0, -2.5]
						},
						"0.875": {
							"vector": [0, 0, 2.5]
						},
						"1.0": {
							"vector": [0, 0, -2.5]
						},
						"1.125": {
							"vector": [0, 0, 2.5]
						},
						"1.25": {
							"vector": [0, 0, 0]
						},
						"1.3333": {
							"vector": [0, 0, 2.5]
						},
						"1.4167": {
							"vector": [0, 0, 0]
						},
						"1.5": {
							"vector": [0, 0, 0],
							"easing": "easeInBack",
							"easingArgs": [5]
						}
					},
					"position": {
						"vector": [0, -6, 0]
					}
				},
				"head": {
					"rotation": {
						"0.0": {
							"vector": [30, 0, -25]
						},
						"1.0": {
							"vector": [0, 0, 0],
							"easing": "easeOutBounce"
						},
						"1.75": {
							"vector": [-2.22248, -15.08782, 36.28443]
						},
						"1.9167": {
							"vector": [-2.22248, -15.08782, 36.28443]
						},
						"2.1667": {
							"vector": [-12.5547, -4.82922, 91.29717]
						}
					},
					"position": {
						"0.0": {
							"vector": [0, -1, 0],
							"easing": "easeInBounce"
						},
						"1.0": {
							"vector": [0, -1, 0],
							"easing": "easeInBounce",
							"easingArgs": [0.8]
						},
						"1.4583": {
							"vector": [0, 2, 0],
							"easing": "easeOutBounce"
						},
						"1.5417": {
							"vector": [0, 0.15, -3]
						},
						"1.75": {
							"vector": [0, -1, 0],
							"easing": "easeInBounce"
						},
						"1.9167": {
							"vector": [0, -1, 0],
							"easing": "easeInBounce"
						},
						"2.0417": {
							"vector": [0, -1, 0],
							"easing": "easeInBounce"
						},
						"2.1667": {
							"vector": [0, -10, -3],
							"easing": "easeInElastic"
						}
					},
					"scale": {
						"vector": [1, 1, 1]
					}
				},
				"leg0": {
					"rotation": {
						"vector": [63.72206, 71.82124, 15.45201]
					},
					"position": {
						"vector": [0, 0, 0]
					}
				},
				"leg1": {
					"rotation": {
						"vector": [0, 0, 75]
					}
				},
				"leg2": {
					"rotation": {
						"vector": [-90, -47.5, 7.5]
					}
				},
				"leg3": {
					"rotation": {
						"vector": [-168.74207, 57.55332, -58.21865]
					}
				},
				"body": {
					"rotation": {
						"0.0": {
							"vector": [0, 0, 0]
						},
						"1.4583": {
							"vector": [0, 0, 0]
						},
						"1.5417": {
							"vector": [0, 0, 0],
							"easing": "easeInBounce"
						},
						"2.0417": {
							"vector": [0, 0, 0]
						},
						"2.0833": {
							"vector": [0, 0, 2.5]
						},
						"2.125": {
							"vector": [0, 0, -2.5]
						},
						"2.1667": {
							"vector": [0, 0, 0]
						}
					},
					"position": {
						"0.0": {
							"vector": [0, 0, 0]
						},
						"1.4583": {
							"vector": [0, 0, 0]
						},
						"2.0417": {
							"vector": [0, 0, 0]
						}
					},
					"scale": {
						"0.0": {
							"vector": [1, 1, 1]
						},
						"2.0417": {
							"vector": [1, 1, 1]
						}
					}
				},
				"jaw": {
					"rotation": {
						"0.0": {
							"vector": [-40, 0, 0]
						},
						"1.0": {
							"vector": [-40, 0, 0]
						},
						"1.4583": {
							"vector": [-40, 0, 0]
						},
						"1.75": {
							"vector": [34.70716, -7.13136, -34.3569],
							"easing": "easeOutBack",
							"easingArgs": [2]
						},
						"2.125": {
							"vector": [34.70716, -7.13136, -34.3569],
							"easing": "easeOutBack",
							"easingArgs": [2]
						},
						"2.3333": {
							"vector": [32.7873, -2.68507, -12.2127],
							"easing": "easeOutBack"
						}
					},
					"position": {
						"0.0": {
							"vector": [0, 0, 0]
						},
						"1.0": {
							"vector": [0, 0, 0]
						},
						"1.4583": {
							"vector": [0, 0, 0]
						},
						"1.5833": {
							"vector": [0, -2, -3]
						}
					},
					"scale": {
						"0.0": {
							"vector": [1, 1, 1]
						},
						"1.0": {
							"vector": [1, 1, 1]
						}
					}
				}
			}
		},
		"smash": {
			"animation_length": 2.5,
			"override_previous_animation": true,
			"bones": {
				"whole": {
					"rotation": {
						"0.0": {
							"vector": [0, 0, 0]
						},
						"0.875": {
							"vector": [-10, 0, 0],
							"easing": "easeOutBounce",
							"easingArgs": [0.2]
						},
						"1.0": {
							"vector": [6.42, 0, 0],
							"easing": "easeInBack"
						},
						"1.4167": {
							"vector": [-92.5, 0, 0],
							"easing": "easeInOutBack"
						},
						"1.7083": {
							"vector": [10, 0, 0],
							"easing": "easeInBack"
						},
						"1.8333": {
							"vector": [0, 0, 0],
							"easing": "easeOutBack"
						}
					},
					"position": {
						"0.0": {
							"vector": [0, -4, 0]
						},
						"0.875": {
							"vector": [0, -4, 0]
						},
						"1.1667": {
							"vector": [0, 4.08, 0]
						},
						"1.4167": {
							"vector": [0, 8, 0],
							"easing": "easeInOutBack"
						},
						"1.625": {
							"vector": [0, 12.87, -3]
						},
						"1.7083": {
							"vector": [0, -6, 0],
							"easing": "easeInBack"
						},
						"1.8333": {
							"vector": [0, -5, 0],
							"easing": "easeOutBack"
						}
					},
					"scale": {
						"0.0": {
							"vector": [1, 1, 1]
						},
						"1.6667": {
							"vector": [1, 1, 1]
						},
						"1.7083": {
							"vector": [1, 0.9, 1]
						},
						"1.8333": {
							"vector": [1, 1, 1],
							"easing": "easeOutElastic"
						}
					}
				},
				"head": {
					"rotation": {
						"0.0": {
							"vector": [30, 0, -25]
						},
						"0.8333": {
							"vector": [10, 0, -25],
							"easing": "easeOutBounce",
							"easingArgs": [0.2]
						},
						"1.375": {
							"vector": [12.86905, -4.4566, -1.05112],
							"easing": "easeInOutElastic"
						}
					},
					"position": {
						"0.0": {
							"vector": [0, -1, 0]
						},
						"1.375": {
							"vector": [0, -1, 0]
						},
						"1.7083": {
							"vector": [0, 3, 0]
						},
						"1.8333": {
							"vector": [0, -2, 0],
							"easing": "easeOutBack"
						}
					},
					"scale": {
						"0.0": {
							"vector": [1, 1, 1]
						},
						"1.375": {
							"vector": [1, 1, 1]
						}
					}
				},
				"leg0": {
					"rotation": {
						"0.0": {
							"vector": [63.72, 71.82, 15.45]
						},
						"0.9583": {
							"vector": [63.72206, 71.82124, 15.45201]
						},
						"1.4167": {
							"vector": [0, 0, 0],
							"easing": "easeInOutElastic"
						},
						"1.7083": {
							"vector": [63.72206, 71.82124, 15.45201],
							"easing": "easeInBack"
						}
					},
					"position": {
						"0.0": {
							"vector": [0, 0, 0]
						},
						"1.4167": {
							"vector": [0, 0, 0]
						},
						"1.7083": {
							"vector": [0, 5, 0],
							"easing": "easeInBack"
						},
						"1.8333": {
							"vector": [0, 1, 0],
							"easing": "easeOutBack"
						}
					},
					"scale": {
						"vector": [1, 1, 1]
					}
				},
				"leg1": {
					"rotation": {
						"0.0": {
							"vector": [0, 0, 75]
						},
						"0.9583": {
							"vector": [0, 0, 75]
						},
						"1.2917": {
							"vector": [0, 0, 0],
							"easing": "easeInOutElastic"
						},
						"1.4167": {
							"vector": [0, 0, 0]
						},
						"1.7083": {
							"vector": [0, 0, 75],
							"easing": "easeInBack"
						}
					},
					"position": {
						"0.0": {
							"vector": [0, 0, 0]
						},
						"1.4167": {
							"vector": [0, 0, 0]
						},
						"1.7083": {
							"vector": [0, 5, 0]
						},
						"1.8333": {
							"vector": [0, 2, 0],
							"easing": "easeOutBack"
						}
					},
					"scale": {
						"0.0": {
							"vector": [1, 1, 1]
						},
						"1.4167": {
							"vector": [1, 1, 1]
						}
					}
				},
				"leg2": {
					"rotation": {
						"0.0": {
							"vector": [-90, -47.5, 7.5]
						},
						"0.9583": {
							"vector": [35, 0, 7],
							"easing": "easeOutBounce",
							"easingArgs": [0.2]
						},
						"1.125": {
							"vector": [-110.41778, 0, 3.41644]
						},
						"1.4167": {
							"vector": [39.58, 0, 3.42]
						},
						"1.7083": {
							"vector": [-137.5, -47.5, 7.5],
							"easing": "easeInBack"
						},
						"1.8333": {
							"vector": [-77.5, -47.5, 7.5],
							"easing": "easeOutBack"
						}
					},
					"position": {
						"0.0": {
							"vector": [0, 0, 0]
						},
						"1.4167": {
							"vector": [0, 0, 0]
						},
						"1.7083": {
							"vector": [0, 8, 0]
						},
						"1.8333": {
							"vector": [0, 4, 0],
							"easing": "easeOutBack"
						}
					},
					"scale": {
						"vector": [1, 1, 1]
					}
				},
				"leg3": {
					"rotation": {
						"0.0": {
							"vector": [-168.74, 57.55, -58.22]
						},
						"0.9583": {
							"vector": [25, 0, 0],
							"easing": "easeOutBounce",
							"easingArgs": [0.2]
						},
						"1.125": {
							"vector": [-140.78, 0, 0],
							"easing": "easeOutBack"
						},
						"1.4167": {
							"vector": [34.22, 0, 0],
							"easing": "easeInElastic"
						},
						"1.7083": {
							"vector": [-168.74207, 57.55332, -58.21865],
							"easing": "easeInBack"
						},
						"1.8333": {
							"vector": [-126.24207, 57.55332, -58.21865],
							"easing": "easeOutBack"
						}
					},
					"position": {
						"0.0": {
							"vector": [0, 0, 0]
						},
						"1.4167": {
							"vector": [0, 0, 0]
						},
						"1.7083": {
							"vector": [0, 7, 0]
						},
						"1.8333": {
							"vector": [0, 4, 0],
							"easing": "easeOutBack"
						}
					},
					"scale": {
						"vector": [1, 1, 1]
					}
				},
				"body": {
					"rotation": {
						"0.0": {
							"vector": [0, 0, 0]
						},
						"0.9583": {
							"vector": [0, 0, 0],
							"easing": "easeInBounce",
							"easingArgs": [0.1]
						},
						"1.375": {
							"vector": [0, 0, 0]
						}
					},
					"position": {
						"0.0": {
							"vector": [0, 0, 0]
						},
						"0.9583": {
							"vector": [0, 0, 0]
						},
						"1.375": {
							"vector": [0, 0, 0]
						}
					},
					"scale": {
						"0.0": {
							"vector": [1, 1, 1]
						},
						"0.9583": {
							"vector": [1, 1, 1]
						},
						"1.375": {
							"vector": [1, 1, 1]
						}
					}
				},
				"jaw": {
					"rotation": {
						"0.0": {
							"vector": [0, 0, 0]
						},
						"0.8333": {
							"vector": [-57.5, 0, 0],
							"easing": "easeOutBounce",
							"easingArgs": [0.2]
						},
						"1.125": {
							"vector": [-15, 0, 0],
							"easing": "easeInBack"
						},
						"1.4167": {
							"vector": [-15, 0, 0]
						}
					},
					"position": {
						"0.0": {
							"vector": [0, 0, 0]
						},
						"0.8333": {
							"vector": [0, -2, 1],
							"easing": "easeOutBounce",
							"easingArgs": [0.2]
						},
						"1.125": {
							"vector": [0, 0, 1],
							"easing": "easeInBack"
						},
						"1.4167": {
							"vector": [0, 0, 1]
						}
					},
					"scale": {
						"0.0": {
							"vector": [1, 1, 1]
						},
						"1.4167": {
							"vector": [1, 1, 1]
						}
					}
				},
				"tail": {
					"rotation": {
						"vector": [0, 0, 0]
					},
					"position": {
						"vector": [0, 0, 0]
					},
					"scale": {
						"vector": [1, 1, 1]
					}
				}
			}
		},
		"rush2": {
			"animation_length": 1.75,
			"override_previous_animation": true,
			"bones": {
				"whole": {
					"rotation": {
						"0.0": {
							"vector": [0, 0, 0]
						},
						"1.0": {
							"vector": [-17.5, 0, 0],
							"easing": "easeInOutBack"
						},
						"1.25": {
							"vector": [12.5, 0, 0],
							"easing": "easeOutBack"
						},
						"1.4167": {
							"vector": [-2.5, 0, 0],
							"easing": "easeInBack",
							"easingArgs": [3]
						}
					},
					"position": {
						"0.0": {
							"vector": [0, -6, 0]
						},
						"1.0": {
							"vector": [0, -3, 0],
							"easing": "easeInOutBack"
						},
						"1.25": {
							"vector": [0, -5, 0],
							"easing": "easeOutBack"
						},
						"1.4167": {
							"vector": [0, -5, -5],
							"easing": "easeInBack",
							"easingArgs": [3]
						},
						"1.4583": {
							"vector": [0, -5, -3]
						}
					},
					"scale": {
						"vector": [1, 1, 1]
					}
				},
				"head": {
					"rotation": {
						"0.0": {
							"vector": [30, 0, -25]
						},
						"1.0": {
							"vector": [19.6381, 3.13059, -0.73009],
							"easing": "easeInOutBack"
						},
						"1.25": {
							"vector": [-20.3619, 3.13059, -0.73009]
						},
						"1.4167": {
							"vector": [-2.8619, 3.13059, -0.73009]
						}
					},
					"position": {
						"0.0": {
							"vector": [0, -1, 0],
							"easing": "easeInBounce"
						},
						"1.0": {
							"vector": [0, -1, -1],
							"easing": "easeInOutBack"
						}
					},
					"scale": {
						"vector": [1, 1, 1]
					}
				},
				"leg0": {
					"rotation": {
						"0.0": {
							"vector": [63.72206, 71.82124, 15.45201]
						},
						"0.9583": {
							"vector": [-48.77794, 71.82124, 15.45201]
						},
						"1.25": {
							"vector": [-90, 0, 0]
						},
						"1.4167": {
							"vector": [55, 0, 0]
						}
					},
					"position": {
						"0.0": {
							"vector": [0, 0, 0]
						},
						"1.25": {
							"vector": [0, 5, 2]
						}
					}
				},
				"leg1": {
					"rotation": {
						"0.0": {
							"vector": [0, 0, 75]
						},
						"0.9583": {
							"vector": [0, 0, -50]
						},
						"1.25": {
							"vector": [-82.5, 0, 0]
						},
						"1.4167": {
							"vector": [77.5, 0, 0]
						}
					},
					"position": {
						"0.0": {
							"vector": [0, 0, 0]
						},
						"1.25": {
							"vector": [0, 3, 2]
						}
					}
				},
				"leg2": {
					"rotation": {
						"0.0": {
							"vector": [-90, -47.5, 7.5]
						},
						"1.0": {
							"vector": [27.5, 0, 0],
							"easing": "easeInOutBack"
						},
						"1.25": {
							"vector": [-137.5, 0, 0],
							"easing": "easeOutBack"
						},
						"1.4167": {
							"vector": [55, 0, 0]
						}
					},
					"position": {
						"0.0": {
							"vector": [0, 0, 0]
						},
						"1.0": {
							"vector": [0, 0, 0],
							"easing": "easeInBack"
						}
					}
				},
				"leg3": {
					"rotation": {
						"0.0": {
							"vector": [-168.74207, 57.55332, -58.21865]
						},
						"1.0": {
							"vector": [35, 0, 0],
							"easing": "easeInOutBack"
						},
						"1.25": {
							"vector": [-170, 0, 0],
							"easing": "easeInBack",
							"easingArgs": [2]
						},
						"1.4167": {
							"vector": [40, 0, 0]
						}
					},
					"position": {
						"vector": [0, 0, 0]
					},
					"scale": {
						"vector": [1, 1, 1]
					}
				},
				"body": {
					"rotation": {
						"0.0": {
							"vector": [0, 0, 0]
						},
						"1.0": {
							"vector": [0, 0, 0]
						},
						"1.25": {
							"vector": [12.5, 0, 0],
							"easing": "easeInBack",
							"easingArgs": [2]
						}
					},
					"position": {
						"0.0": {
							"vector": [0, 0, 0]
						},
						"1.0": {
							"vector": [0, 0, 0]
						}
					},
					"scale": {
						"vector": [1, 1, 1]
					}
				},
				"jaw": {
					"rotation": {
						"0.0": {
							"vector": [0, 0, 0]
						},
						"0.5": {
							"vector": [-40, 0, 0],
							"easing": "easeInBounce"
						},
						"1.0": {
							"vector": [-32.60362, -1.61888, 7.32417],
							"easing": "easeInOutBack"
						},
						"1.25": {
							"vector": [-32.60362, -1.61888, 7.32417],
							"easing": "easeInOutBack"
						},
						"1.4167": {
							"vector": [14.89638, -1.61888, 7.32417]
						}
					},
					"position": {
						"0.0": {
							"vector": [0, 0, 0]
						},
						"0.5": {
							"vector": [0, 0, 0]
						},
						"1.0": {
							"vector": [0, -1, 1],
							"easing": "easeInOutBack"
						},
						"1.25": {
							"vector": [0, -1, 1],
							"easing": "easeInOutBack"
						}
					},
					"scale": {
						"vector": [1, 1, 1]
					}
				}
			}
		},
		"pop": {
			"animation_length": 2.75,
			"bones": {
				"whole": {
					"rotation": {
						"0.0": {
							"vector": [-92.5, 0, 0]
						},
						"0.2917": {
							"vector": [-30, 0, 0],
							"easing": "easeInBack",
							"easingArgs": [3]
						},
						"0.4583": {
							"vector": [-30.86748, 12.95254, -7.63074]
						},
						"0.8333": {
							"vector": [-31.18939, -15.09492, 8.95891],
							"easing": "easeOutBack",
							"easingArgs": [2]
						},
						"1.2083": {
							"vector": [-30.59871, 10.80355, -6.32526],
							"easing": "easeOutBack",
							"easingArgs": [3]
						},
						"1.3333": {
							"vector": [-28.26093, 2.01268, -1.52377]
						},
						"1.4167": {
							"vector": [-27.26114, 8.59968, -4.98475]
						},
						"1.5": {
							"vector": [-25.90474, 0.14261, -0.89975]
						},
						"1.5833": {
							"vector": [-25.86522, 8.06677, -4.75837]
						},
						"1.6667": {
							"vector": [-24.8538, 4.29402, -3.06912]
						},
						"1.8333": {
							"vector": [-23.09871, 10.80355, -6.32526],
							"easing": "easeOutBounce"
						},
						"2.0": {
							"vector": [15, 0, 0],
							"easing": "easeOutBack",
							"easingArgs": [3]
						},
						"2.25": {
							"vector": [10, 0, 0],
							"easing": "easeOutBack",
							"easingArgs": [2]
						},
						"2.3333": {
							"vector": [0, 0, 0]
						}
					},
					"position": {
						"0.0": {
							"vector": [0, -16, -9]
						},
						"0.2917": {
							"vector": [0, -10, -9],
							"easing": "easeInBack",
							"easingArgs": [1]
						},
						"1.2083": {
							"vector": [0, -10, -9]
						},
						"1.8333": {
							"vector": [0, -10, -9]
						},
						"2.0": {
							"vector": [0, -1, -9],
							"easing": "easeOutBack",
							"easingArgs": [3]
						},
						"2.25": {
							"vector": [0, -9, 0],
							"easing": "easeOutBack",
							"easingArgs": [2]
						}
					},
					"scale": {
						"vector": [1, 1, 1]
					}
				},
				"body": {
					"rotation": {
						"0.0": {
							"vector": [0, 0, 0]
						},
						"2.25": {
							"vector": [0, 0, 0]
						}
					},
					"position": {
						"0.0": {
							"vector": [0, 0, 0]
						},
						"2.25": {
							"vector": [0, 0, 0]
						}
					},
					"scale": {
						"0.0": {
							"vector": [1, 1, 1]
						},
						"2.25": {
							"vector": [1, 1, 1]
						}
					}
				},
				"head": {
					"rotation": {
						"0.0": {
							"vector": [0, 0, 0]
						},
						"0.2917": {
							"vector": [17.5, 0, 0],
							"easing": "easeInBack",
							"easingArgs": [3]
						},
						"0.5": {
							"vector": [-7.87966, 2.45914, -0.45029]
						},
						"0.8333": {
							"vector": [10.35952, 17.34551, 2.35666],
							"easing": "easeInBounce"
						},
						"1.2083": {
							"vector": [11.14388, -29.7174, -4.30963],
							"easing": "easeInBounce"
						},
						"1.5": {
							"vector": [26.14388, -29.7174, -4.30963]
						},
						"2.0": {
							"vector": [-9.4023, 0.84691, 3.95965]
						},
						"2.25": {
							"vector": [30, 0, -25]
						}
					},
					"position": {
						"0.0": {
							"vector": [0, 0, 0]
						},
						"1.2083": {
							"vector": [0, 0, 0]
						},
						"2.25": {
							"vector": [0, -1, 0],
							"easing": "easeInBounce"
						}
					},
					"scale": {
						"0.0": {
							"vector": [1, 1, 1]
						},
						"1.2083": {
							"vector": [1, 1, 1]
						},
						"2.25": {
							"vector": [1, 1, 1]
						}
					}
				},
				"jaw": {
					"rotation": {
						"0.0": {
							"vector": [-37.5, 0, 0]
						},
						"0.2917": {
							"vector": [-10, 0, 0]
						},
						"0.4583": {
							"vector": [-20, 0, 0]
						},
						"0.5": {
							"vector": [-10, 0, 0]
						},
						"0.8333": {
							"vector": [-55, 0, 0],
							"easing": "easeInBounce"
						},
						"1.2083": {
							"vector": [-55, 0, 0]
						},
						"2.0": {
							"vector": [-32.5, 0, 0]
						},
						"2.25": {
							"vector": [0, 0, 0]
						}
					},
					"position": {
						"0.0": {
							"vector": [0, 0, 0]
						},
						"0.2917": {
							"vector": [0, 0, 0]
						},
						"0.5": {
							"vector": [0, 0, 0]
						},
						"0.8333": {
							"vector": [0, -2, 0],
							"easing": "easeInBounce"
						},
						"1.2083": {
							"vector": [0, -2, 0]
						},
						"2.25": {
							"vector": [0, 0, 0]
						}
					},
					"scale": {
						"1.2083": {
							"vector": [1, 1, 1]
						},
						"2.25": {
							"vector": [1, 1, 1]
						}
					}
				},
				"leg1": {
					"rotation": {
						"1.2083": {
							"vector": [0, 0, 0]
						},
						"2.25": {
							"vector": [0, 0, 75]
						}
					},
					"position": {
						"vector": [0, 0, 0]
					},
					"scale": {
						"vector": [1, 1, 1]
					}
				},
				"leg2": {
					"rotation": {
						"0.0": {
							"vector": [0, 0, 0]
						},
						"0.2917": {
							"vector": [30, 0, 0],
							"easing": "easeInBack",
							"easingArgs": [3]
						},
						"0.5": {
							"vector": [-60, 0, 0],
							"easing": "easeInBack"
						},
						"1.2083": {
							"vector": [-60, 0, 0],
							"easing": "easeInBack"
						},
						"1.5": {
							"vector": [-47.5, 0, 0],
							"easing": "easeOutBounce"
						},
						"2.25": {
							"vector": [-90, -47.5, 7.5]
						}
					},
					"position": {
						"0.0": {
							"vector": [0, 0, 0]
						},
						"1.2083": {
							"vector": [0, 0, 0]
						}
					},
					"scale": {
						"0.0": {
							"vector": [1, 1, 1]
						},
						"1.2083": {
							"vector": [1, 1, 1]
						}
					}
				},
				"leg3": {
					"rotation": {
						"0.0": {
							"vector": [0, 0, 0]
						},
						"0.2917": {
							"vector": [42.5, 0, 0],
							"easing": "easeInBack",
							"easingArgs": [3]
						},
						"0.7083": {
							"vector": [-25, 0, 0],
							"easing": "easeInBack"
						},
						"1.2083": {
							"vector": [-25, 0, 0],
							"easing": "easeInBack"
						},
						"1.5": {
							"vector": [-87.5, 0, 0],
							"easing": "easeOutBounce"
						},
						"2.25": {
							"vector": [-168.74207, 57.55332, -58.21865]
						}
					},
					"position": {
						"0.0": {
							"vector": [0, 0, 0]
						},
						"0.2917": {
							"vector": [0, 0, 0]
						},
						"1.2083": {
							"vector": [0, 0, 0]
						}
					},
					"scale": {
						"0.0": {
							"vector": [1, 1, 1]
						},
						"1.2083": {
							"vector": [1, 1, 1]
						}
					}
				},
				"leg0": {
					"rotation": {
						"1.2083": {
							"vector": [0, 0, 0]
						},
						"2.25": {
							"vector": [63.72206, 71.82124, 15.45201]
						}
					},
					"position": {
						"1.2083": {
							"vector": [0, 0, 0]
						},
						"2.25": {
							"vector": [0, 0, 0]
						}
					},
					"scale": {
						"vector": [1, 1, 1]
					}
				}
			}
		}
	},
	"geckolib_format_version": 2
}