{
	"format_version": "1.8.0",
	"animations": {
		"run": {
			"loop": true,
			"animation_length": 0.58333,
			"bones": {
				"body": {
					"rotation": {
						"0.0": {
							"vector": [-4.95744, -0.65182, -7.47178]
						},
						"0.125": {
							"vector": [7.5, 0, 0]
						},
						"0.2917": {
							"vector": [-4.92442, 0.86717, 9.96271]
						},
						"0.4167": {
							"vector": [7.5, 0, 0]
						},
						"0.5833": {
							"vector": [-4.95744, -0.65182, -7.47178]
						}
					},
					"position": {
						"0.0": {
							"vector": [0, 2, 0]
						},
						"0.125": {
							"vector": [0, -2, 0],
							"easing": "easeOutBack"
						},
						"0.2917": {
							"vector": [0, 2, 0],
							"easing": "easeOutBack"
						},
						"0.4167": {
							"vector": [0, -2, 0],
							"easing": "easeOutBack"
						},
						"0.5833": {
							"vector": [0, 2, 0],
							"easing": "easeOutBack"
						}
					}
				},
				"head": {
					"rotation": {
						"0.0": {
							"vector": [5.83666, -0.06722, 13.69966]
						},
						"0.125": {
							"vector": [0.7958, 0.69389, 6.23821]
						},
						"0.2917": {
							"vector": [5.58839, 1.68822, -3.71451]
						},
						"0.4167": {
							"vector": [0.7958, 0.69389, 6.23821]
						},
						"0.5833": {
							"vector": [5.83666, -0.06722, 13.69966]
						}
					},
					"position": {
						"0.0": {
							"vector": [0, 1, 2]
						},
						"0.125": {
							"vector": [0, -1, 2]
						},
						"0.2917": {
							"vector": [0, 1, 2]
						},
						"0.4167": {
							"vector": [0, -1, 2]
						},
						"0.5833": {
							"vector": [0, 1, 2]
						}
					}
				},
				"leftarm": {
					"rotation": {
						"0.0": {
							"vector": [-87.5, 0, 0]
						},
						"0.125": {
							"vector": [-90, 0, 0]
						},
						"0.2917": {
							"vector": [-87.5, 0, 0]
						},
						"0.4167": {
							"vector": [-90, 0, 0]
						},
						"0.5833": {
							"vector": [-87.5, 0, 0]
						}
					},
					"position": {
						"0.0": {
							"vector": [0, 1, 0]
						},
						"0.125": {
							"vector": [0, -1, 0]
						},
						"0.2917": {
							"vector": [0, 1, 0]
						},
						"0.4167": {
							"vector": [0, -1, 0]
						},
						"0.5833": {
							"vector": [0, 1, 0]
						}
					}
				},
				"rightarm": {
					"rotation": {
						"0.0": {
							"vector": [-88.41786, 4.79997, -2.33946]
						},
						"0.125": {
							"vector": [-90, 0, 0]
						},
						"0.2917": {
							"vector": [-88.41786, 4.79997, -2.33946]
						},
						"0.4167": {
							"vector": [-90, 0, 0]
						},
						"0.5833": {
							"vector": [-88.41786, 4.79997, -2.33946]
						}
					},
					"position": {
						"0.0": {
							"vector": [0, 1, 0]
						},
						"0.125": {
							"vector": [0, -1, 0]
						},
						"0.2917": {
							"vector": [0, 1, 0]
						},
						"0.4167": {
							"vector": [0, -1, 0]
						},
						"0.5833": {
							"vector": [0, 1, 0]
						}
					}
				},
				"leg0": {
					"rotation": {
						"0.0": {
							"vector": [-85.04256, -0.65182, 7.47178]
						},
						"0.125": {
							"vector": [-2.5, 0, 0]
						},
						"0.2917": {
							"vector": [52.5, 0, 0]
						},
						"0.4167": {
							"vector": [58.5, 0, 0]
						},
						"0.5833": {
							"vector": [-85.04256, -0.65182, 7.47178]
						}
					},
					"position": {
						"0.0": {
							"vector": [0, 2, -2]
						},
						"0.125": {
							"vector": [0, 2, -2]
						},
						"0.2917": {
							"vector": [0, 0, 0]
						},
						"0.4167": {
							"vector": [0, 0, 0]
						},
						"0.5833": {
							"vector": [0, 2, -2]
						}
					}
				},
				"leg1": {
					"rotation": {
						"0.0": {
							"vector": [52.5, 0, 0]
						},
						"0.125": {
							"vector": [58.5, 0, 0]
						},
						"0.2917": {
							"vector": [-85.07558, 0.86717, -9.96271]
						},
						"0.4167": {
							"vector": [-2.5, 0, 0]
						},
						"0.5833": {
							"vector": [52.5, 0, 0]
						}
					},
					"position": {
						"0.0": {
							"vector": [0, 0, 0]
						},
						"0.125": {
							"vector": [0, 0, 0]
						},
						"0.2917": {
							"vector": [0, 0, 0]
						},
						"0.4167": {
							"vector": [0, 2, -2]
						},
						"0.5833": {
							"vector": [0, 0, 0]
						}
					}
				},
				"bode": {
					"rotation": {
						"0.0": {
							"vector": [0, 0, 0]
						},
						"0.5833": {
							"vector": [0, 0, 0]
						}
					},
					"position": {
						"0.0": {
							"vector": [0, 1, 0]
						},
						"0.125": {
							"vector": [0, 0, 0]
						},
						"0.2917": {
							"vector": [0, 0.43, 0]
						},
						"0.4167": {
							"vector": [0, -1, 0]
						},
						"0.5833": {
							"vector": [0, 1, 0]
						}
					},
					"scale": {
						"0.0": {
							"vector": [1, 1, 1]
						},
						"0.5833": {
							"vector": [1, 1, 1]
						}
					}
				}
			}
		},
		"digg": {
			"animation_length": 1.875,
			"bones": {
				"body": {
					"rotation": {
						"0.0": {
							"vector": [0, 0, 0]
						},
						"0.125": {
							"vector": [35, 0, 0]
						},
						"0.2917": {
							"vector": [47.5, 0, 0]
						},
						"0.4583": {
							"vector": [47.5, 0, 0]
						},
						"0.875": {
							"vector": [12.5, 0, 0],
							"easing": "easeOutBack"
						},
						"0.9167": {
							"vector": [7.5, 0, 0]
						},
						"0.9583": {
							"vector": [12.5, 0, 0]
						},
						"1.0": {
							"vector": [7.5, 0, 0]
						},
						"1.0417": {
							"vector": [10, 0, 0]
						},
						"1.2083": {
							"vector": [9.6658, -2.57594, 14.78217],
							"easing": "easeOutBack"
						},
						"1.375": {
							"vector": [9.91615, -1.29876, 7.38733]
						},
						"1.5": {
							"vector": [10, 0, 0]
						},
						"1.625": {
							"vector": [-5.77, 0, 0]
						},
						"1.7083": {
							"vector": [-7.5, 0, 0],
							"easing": "easeOutBack"
						},
						"1.875": {
							"vector": [7.5, 0, 0],
							"easing": "easeOutBack"
						}
					},
					"position": {
						"0.0": {
							"vector": [0, -36, 0]
						},
						"0.125": {
							"vector": [0, -24, 8]
						},
						"0.2917": {
							"vector": [0, -21, 8]
						},
						"0.4583": {
							"vector": [0, -21, 8]
						},
						"0.625": {
							"vector": [0, -19, 8],
							"easing": "easeOutBack"
						},
						"0.875": {
							"vector": [0, -16, 2]
						},
						"1.0417": {
							"vector": [0, -10, 2]
						},
						"1.2083": {
							"vector": [0, -8, 2]
						},
						"1.2917": {
							"vector": [0, -10, 2]
						},
						"1.375": {
							"vector": [0, -8, 2]
						},
						"1.5": {
							"vector": [0, -10, 2]
						},
						"1.625": {
							"vector": [0, 3.67, 2]
						},
						"1.7083": {
							"vector": [0, 3, 2],
							"easing": "easeOutBack"
						},
						"1.875": {
							"vector": [0, -2, 0],
							"easing": "easeOutBack"
						}
					},
					"scale": {
						"0.0": {
							"vector": [1, 1, 1]
						},
						"1.625": {
							"vector": [1, 1, 1]
						}
					}
				},
				"head": {
					"rotation": {
						"0.0": {
							"vector": [0, 0, 0]
						},
						"0.1667": {
							"vector": [102.5, 0, 0]
						},
						"0.4583": {
							"vector": [102.5, 0, 0]
						},
						"0.5833": {
							"vector": [102.5, 0, 0]
						},
						"0.6667": {
							"vector": [102.5, 0, 0]
						},
						"0.7917": {
							"vector": [-10, 0, 0],
							"easing": "easeOutBack",
							"easingArgs": [0.5]
						},
						"1.0417": {
							"vector": [-10.16, 14.22, -14.67]
						},
						"1.2083": {
							"vector": [-10.26576, 23.70658, -24.44833]
						},
						"1.375": {
							"vector": [8.64627, -3.35413, -12.08613]
						},
						"1.5": {
							"vector": [7.49352, -5.47182, 2.8089],
							"easing": "easeOutBack"
						},
						"1.625": {
							"vector": [9.64, -5.47, 2.81]
						},
						"1.7083": {
							"vector": [12.49352, -5.47182, 2.8089],
							"easing": "easeOutBack"
						},
						"1.875": {
							"vector": [-6.7042, 0.69389, 6.23821],
							"easing": "easeOutBack"
						}
					},
					"position": {
						"0.0": {
							"vector": [0, 0, 0]
						},
						"0.4583": {
							"vector": [0, 0, 0]
						},
						"0.5833": {
							"vector": [0, 0, 0]
						},
						"0.6667": {
							"vector": [0, 4, 0]
						},
						"0.7917": {
							"vector": [0, 0, 0]
						},
						"1.0417": {
							"vector": [0, 0, 0]
						},
						"1.125": {
							"vector": [0, 2, 0]
						},
						"1.2083": {
							"vector": [0, 0, 0]
						},
						"1.375": {
							"vector": [0, 0, 0]
						},
						"1.4583": {
							"vector": [0, 2, 0]
						},
						"1.5417": {
							"vector": [0, 0, 0]
						},
						"1.625": {
							"vector": [0, 0, 0]
						},
						"1.7083": {
							"vector": [0, 4, 0],
							"easing": "easeOutBack"
						},
						"1.875": {
							"vector": [0, -1, 2],
							"easing": "easeOutBack"
						}
					},
					"scale": {
						"0.0": {
							"vector": [0, 0, 0]
						},
						"0.1667": {
							"vector": [1, 1, 1]
						},
						"0.4583": {
							"vector": [1, 1, 1]
						},
						"0.7917": {
							"vector": [1, 1, 1]
						},
						"1.625": {
							"vector": [1, 1, 1]
						}
					}
				},
				"leftarm": {
					"rotation": {
						"0.0": {
							"vector": [-90, 0, 0]
						},
						"0.125": {
							"vector": [-217.5, 0, 0]
						},
						"0.4583": {
							"vector": [-227.5, 0, 0]
						},
						"0.875": {
							"vector": [-72.5, 0, 0],
							"easing": "easeOutBack"
						},
						"1.0417": {
							"vector": [-17.5, 0, 0]
						},
						"1.2083": {
							"vector": [-90, 0, 0]
						},
						"1.625": {
							"vector": [-90, 0, 0]
						},
						"1.7083": {
							"vector": [-105, 0, 0],
							"easing": "easeOutBack"
						},
						"1.875": {
							"vector": [-90, 0, 0]
						}
					},
					"position": {
						"0.0": {
							"vector": [0, 0, 0]
						},
						"0.875": {
							"vector": [0, 2, 0]
						},
						"1.625": {
							"vector": [0, 2, 0]
						},
						"1.875": {
							"vector": [0, -1, 0]
						}
					},
					"scale": {
						"vector": [1, 1, 1]
					}
				},
				"rightarm": {
					"rotation": {
						"0.0": {
							"vector": [-90, 0, 0]
						},
						"0.125": {
							"vector": [-217.5, 0, 0]
						},
						"0.2917": {
							"vector": [-225, 0, 0]
						},
						"0.4583": {
							"vector": [-227.5, 0, 0]
						},
						"0.875": {
							"vector": [-62.5, 0, 0],
							"easing": "easeOutBack"
						},
						"1.0417": {
							"vector": [-17.5, 0, 0]
						},
						"1.2083": {
							"vector": [-15.62489, -7.98133, -26.40319],
							"easing": "easeOutBack"
						},
						"1.375": {
							"vector": [-15.62, -7.98, -26.4]
						},
						"1.5": {
							"vector": [-90, 0, 0],
							"easing": "easeOutBack"
						},
						"1.625": {
							"vector": [-90, 0, 0]
						},
						"1.7083": {
							"vector": [-112.5, 0, 0],
							"easing": "easeOutBack"
						},
						"1.875": {
							"vector": [-90, 0, 0]
						}
					},
					"position": {
						"0.0": {
							"vector": [0, 0, 0]
						},
						"0.875": {
							"vector": [0, 0, 2]
						},
						"1.2083": {
							"vector": [0, -2, 2],
							"easing": "easeOutBack"
						},
						"1.375": {
							"vector": [0, -2, 2]
						},
						"1.5": {
							"vector": [0, 0, 0]
						},
						"1.625": {
							"vector": [0, 0, 0]
						},
						"1.875": {
							"vector": [0, -1, 0]
						}
					},
					"scale": {
						"0.0": {
							"vector": [1, 1, 1]
						},
						"1.375": {
							"vector": [1, 1, 1]
						}
					}
				},
				"neck": {
					"rotation": {
						"vector": [0, 0, 0]
					},
					"position": {
						"vector": [0, 0, 0]
					},
					"scale": {
						"vector": [1, 1, 1]
					}
				},
				"bode": {
					"rotation": {
						"0.0": {
							"vector": [0, 0, 0]
						},
						"1.625": {
							"vector": [0, 0, 0]
						}
					},
					"position": {
						"0.0": {
							"vector": [0, 0, 0]
						},
						"1.625": {
							"vector": [0, 2.85, 0]
						},
						"1.7083": {
							"vector": [0, 3, 0],
							"easing": "easeOutBack"
						},
						"1.875": {
							"vector": [0, 0, 0]
						}
					},
					"scale": {
						"0.0": {
							"vector": [1, 1, 1]
						},
						"1.625": {
							"vector": [1, 1, 1]
						}
					}
				},
				"leg0": {
					"rotation": {
						"0.0": {
							"vector": [0, 0, 0]
						},
						"1.2083": {
							"vector": [0, 0, 0]
						},
						"1.375": {
							"vector": [-125, 0, 0],
							"easing": "easeOutBack"
						},
						"1.4583": {
							"vector": [-135, 0, 0]
						},
						"1.5": {
							"vector": [-102.5, 0, 0]
						},
						"1.5417": {
							"vector": [-100, 0, 0]
						},
						"1.625": {
							"vector": [10, 0, 0],
							"easing": "easeOutBack"
						},
						"1.7083": {
							"vector": [-96.87, 0, 0],
							"easing": "easeInQuad"
						},
						"1.875": {
							"vector": [2.5, 0, 0]
						}
					},
					"position": {
						"0.0": {
							"vector": [0, 0, 0]
						},
						"1.2083": {
							"vector": [0, 0, 0]
						},
						"1.7083": {
							"vector": [0, 1.33, -1.33]
						},
						"1.875": {
							"vector": [0, 2, -2]
						}
					},
					"scale": {
						"vector": [1, 1, 1]
					}
				},
				"leg1": {
					"rotation": {
						"0.0": {
							"vector": [0, 0, 0]
						},
						"1.0417": {
							"vector": [0, 0, 0]
						},
						"1.2083": {
							"vector": [-117.5, 0, 0],
							"easing": "easeOutBack"
						},
						"1.375": {
							"vector": [-102.31594, -2.15393, -9.76758]
						},
						"1.5417": {
							"vector": [-102.48848, 0, 0]
						},
						"1.625": {
							"vector": [10.01, 0, 0],
							"easing": "easeOutBack"
						},
						"1.7083": {
							"vector": [22.13, 0, 0]
						},
						"1.875": {
							"vector": [58.5, 0, 0]
						}
					},
					"position": {
						"0.0": {
							"vector": [0, 0, 0]
						},
						"1.0417": {
							"vector": [0, 0, 0]
						},
						"1.7083": {
							"vector": [0, 0, 0]
						},
						"1.875": {
							"vector": [0, 0, 0]
						}
					},
					"scale": {
						"vector": [1, 1, 1]
					}
				}
			}
		},
		"bite": {
			"animation_length": 0.375,
			"bones": {
				"body": {
					"rotation": {
						"0.0": {
							"vector": [-4.95744, -0.65182, -7.47178]
						},
						"0.125": {
							"vector": [7.5, 0, 0]
						},
						"0.25": {
							"vector": [-4.92442, 0.86717, 9.96271]
						},
						"0.375": {
							"vector": [7.5, 0, 0]
						}
					},
					"position": {
						"0.0": {
							"vector": [0, 2, 0]
						},
						"0.125": {
							"vector": [0, -2, 0],
							"easing": "easeOutBack"
						},
						"0.25": {
							"vector": [0, 2, 0],
							"easing": "easeOutBack"
						},
						"0.375": {
							"vector": [0, -2, 0],
							"easing": "easeOutBack"
						}
					}
				},
				"head": {
					"rotation": {
						"0.0": {
							"vector": [5.83666, -0.06722, 13.69966]
						},
						"0.125": {
							"vector": [0.7958, 0.69389, 6.23821]
						},
						"0.25": {
							"vector": [5.58839, 1.68822, -3.71451]
						},
						"0.375": {
							"vector": [0.7958, 0.69389, 6.23821]
						}
					},
					"position": {
						"0.0": {
							"vector": [0, 1, 2]
						},
						"0.125": {
							"vector": [0, -1, 2]
						},
						"0.25": {
							"vector": [0, 1, 2]
						},
						"0.375": {
							"vector": [0, -1, 2]
						}
					}
				},
				"leftarm": {
					"rotation": {
						"0.0": {
							"vector": [-250, 0, 0]
						},
						"0.125": {
							"vector": [-58.48697, -42.934, -22.66667]
						},
						"0.25": {
							"vector": [7.5, 0, 0]
						},
						"0.375": {
							"vector": [17.5, 0, 0]
						}
					},
					"position": {
						"0.0": {
							"vector": [0, 1, 0]
						},
						"0.125": {
							"vector": [0, -1, 0]
						},
						"0.25": {
							"vector": [0, 1, 0]
						},
						"0.375": {
							"vector": [0, -1, 0]
						}
					}
				},
				"rightarm": {
					"rotation": {
						"0.0": {
							"vector": [9.08214, 4.79997, -2.33946]
						},
						"0.125": {
							"vector": [73.19459, -66.39387, -71.05194]
						},
						"0.25": {
							"vector": [-208.98816, 34.15928, 37.98993]
						},
						"0.375": {
							"vector": [-62.5, 62.5, 0]
						}
					},
					"position": {
						"0.0": {
							"vector": [0, 1, 0]
						},
						"0.125": {
							"vector": [0, -1, 0]
						},
						"0.25": {
							"vector": [0, 1, 0]
						},
						"0.375": {
							"vector": [0, -1, 0]
						}
					}
				},
				"leg0": {
					"rotation": {
						"0.0": {
							"vector": [-85.04256, -0.65182, 7.47178]
						},
						"0.125": {
							"vector": [-2.5, 0, 0]
						},
						"0.25": {
							"vector": [52.5, 0, 0]
						},
						"0.375": {
							"vector": [58.5, 0, 0]
						}
					},
					"position": {
						"0.0": {
							"vector": [0, 2, -2]
						},
						"0.125": {
							"vector": [0, 2, -2]
						},
						"0.25": {
							"vector": [0, 0, 0]
						},
						"0.375": {
							"vector": [0, 0, 0]
						}
					}
				},
				"leg1": {
					"rotation": {
						"0.0": {
							"vector": [52.5, 0, 0]
						},
						"0.125": {
							"vector": [58.5, 0, 0]
						},
						"0.25": {
							"vector": [-85.07558, 0.86717, -9.96271]
						},
						"0.375": {
							"vector": [-2.5, 0, 0]
						}
					},
					"position": {
						"0.0": {
							"vector": [0, 0, 0]
						},
						"0.125": {
							"vector": [0, 0, 0]
						},
						"0.25": {
							"vector": [0, 0, 0]
						},
						"0.375": {
							"vector": [0, 2, -2]
						}
					}
				},
				"bode": {
					"rotation": {
						"vector": [0, 0, 0]
					},
					"position": {
						"0.0": {
							"vector": [0, 1, 0]
						},
						"0.125": {
							"vector": [0, 0, 0]
						},
						"0.25": {
							"vector": [0, 0.43, 0]
						},
						"0.375": {
							"vector": [0, -1, 0]
						}
					},
					"scale": {
						"vector": [1, 1, 1]
					}
				}
			}
		},
		"die": {
			"animation_length": 1.95833,
			"override_previous_animation": true,
			"bones": {
				"body": {
					"rotation": {
						"0.0": {
							"vector": [0, 0, 0]
						},
						"0.25": {
							"vector": [-49.95, 0, 0]
						},
						"0.5833": {
							"vector": [-47.5, 0, 0],
							"easing": "easeOutBack"
						},
						"0.9167": {
							"vector": [-47.48, -1.47, -1.35]
						},
						"1.0": {
							"vector": [-47.47282, -1.84293, -1.68956]
						},
						"1.0417": {
							"vector": [-47.47282, 1.84293, 1.68956]
						},
						"1.0833": {
							"vector": [-47.5, 0, 0]
						},
						"1.125": {
							"vector": [-47.47282, 1.84293, 1.68956]
						},
						"1.1667": {
							"vector": [-47.5, 0, 0]
						},
						"1.2083": {
							"vector": [-47.39118, 3.68425, 3.38262]
						},
						"1.25": {
							"vector": [-47.5, 0, 0]
						},
						"1.2917": {
							"vector": [-47.47282, 1.84293, 1.68956]
						}
					},
					"position": {
						"0.0": {
							"vector": [0, 0, 0]
						},
						"0.25": {
							"vector": [0, 0, 0]
						},
						"0.9167": {
							"vector": [0, 0, 0]
						},
						"1.3333": {
							"vector": [0, -27, 0]
						},
						"1.7917": {
							"vector": [0, -147, 0]
						}
					},
					"scale": {
						"0.0": {
							"vector": [1, 1, 1]
						},
						"0.9167": {
							"vector": [1, 1, 1]
						}
					}
				},
				"bode": {
					"rotation": {
						"0.0": {
							"vector": [0, 0, 0]
						},
						"0.25": {
							"vector": [0, 0, 0]
						},
						"0.375": {
							"vector": [-1, 0, 0]
						},
						"0.4167": {
							"vector": [0, 0, 0]
						}
					},
					"position": {
						"0.0": {
							"vector": [0, 1, 0]
						},
						"0.25": {
							"vector": [0, 1, 0]
						}
					},
					"scale": {
						"vector": [1, 1, 1]
					}
				},
				"leftarm": {
					"rotation": {
						"0.0": {
							"vector": [-77.5, 0, 0]
						},
						"0.25": {
							"vector": [-462.34, 0, 0]
						},
						"0.5833": {
							"vector": [-222.5, 0, 0],
							"easing": "easeOutBack"
						}
					},
					"position": {
						"0.0": {
							"vector": [0, 0, 0]
						},
						"0.25": {
							"vector": [0, -2, 6]
						},
						"0.375": {
							"vector": [0, -18, 10]
						}
					},
					"scale": {
						"vector": [1, 1, 1]
					}
				},
				"rightarm": {
					"rotation": {
						"0.0": {
							"vector": [-72.5, 0, 0]
						},
						"0.25": {
							"vector": [-462.34, 0, 0]
						},
						"0.5833": {
							"vector": [-222.5, 0, 0],
							"easing": "easeOutBack",
							"easingArgs": [2]
						}
					},
					"position": {
						"0.0": {
							"vector": [0, 0, 0]
						},
						"0.25": {
							"vector": [0, -2, 6]
						},
						"0.375": {
							"vector": [0, -18, 10]
						}
					},
					"scale": {
						"vector": [1, 1, 1]
					}
				},
				"neck": {
					"rotation": {
						"vector": [0, 0, 0]
					},
					"position": {
						"vector": [0, 0, 0]
					},
					"scale": {
						"vector": [1, 1, 1]
					}
				},
				"leg0": {
					"rotation": {
						"0.0": {
							"vector": [-37.5, 0, 0]
						},
						"0.25": {
							"vector": [45, 0, 0]
						}
					},
					"position": {
						"vector": [0, 0, 0]
					},
					"scale": {
						"vector": [1, 1, 1]
					}
				},
				"leg1": {
					"rotation": {
						"0.0": {
							"vector": [0, 0, 0]
						},
						"0.25": {
							"vector": [45, 0, 0]
						}
					},
					"position": {
						"vector": [0, 0, 0]
					},
					"scale": {
						"vector": [1, 1, 1]
					}
				},
				"head": {
					"rotation": {
						"0.0": {
							"vector": [0, 0, 0]
						},
						"0.25": {
							"vector": [-125, 0, 0]
						},
						"0.375": {
							"vector": [-407.5, 0, 0]
						}
					},
					"position": {
						"0.0": {
							"vector": [0, 0, 0]
						},
						"0.25": {
							"vector": [0, 9, 5]
						},
						"0.375": {
							"vector": [0, 4, 5]
						},
						"0.5833": {
							"vector": [0, -10, 14]
						}
					},
					"scale": {
						"vector": [1, 1, 1]
					}
				},
				"nose": {
					"rotation": {
						"vector": [0, 0, 0]
					},
					"position": {
						"vector": [0, 0, 0]
					},
					"scale": {
						"vector": [1, 1, 1]
					}
				}
			}
		},
		"idle": {
			"loop": true,
			"animation_length": 2.75,
			"bones": {
				"body": {
					"rotation": {
						"0.0": {
							"vector": [30, 0, 0]
						},
						"1.0": {
							"vector": [22.5, 0, 0]
						},
						"2.0": {
							"vector": [30, 0, 0]
						}
					}
				},
				"leftarm": {
					"rotation": {
						"0.0": {
							"vector": [-30, 0, 0]
						},
						"1.0": {
							"vector": [-15, 0, 0],
							"easing": "easeOutBack"
						},
						"2.0": {
							"vector": [-30, 0, 0],
							"easing": "easeOutBack"
						}
					},
					"position": {
						"0.0": {
							"vector": [0, -2, -2]
						},
						"2.0": {
							"vector": [0, -2, -2]
						}
					}
				},
				"rightarm": {
					"rotation": {
						"0.0": {
							"vector": [-30, 0, 0]
						},
						"1.0": {
							"vector": [-15, 0, 0],
							"easing": "easeOutBack"
						},
						"2.0": {
							"vector": [-30, 0, 0],
							"easing": "easeOutBack"
						}
					},
					"position": {
						"0.0": {
							"vector": [0, -2, -2]
						},
						"2.0": {
							"vector": [0, -2, -2]
						}
					}
				},
				"leg0": {
					"rotation": {
						"0.0": {
							"vector": [-27.5, 0, 0]
						},
						"1.0": {
							"vector": [-20, 0, 0]
						},
						"2.0": {
							"vector": [-27.5, 0, 0]
						}
					}
				},
				"leg1": {
					"rotation": {
						"0.0": {
							"vector": [-30, 0, 0]
						},
						"1.0": {
							"vector": [-20, 0, 0]
						},
						"2.0": {
							"vector": [-30, 0, 0]
						}
					}
				},
				"head": {
					"rotation": {
						"0.0": {
							"vector": [-32.5, 0, 0]
						},
						"1.0": {
							"vector": [-75, 0, 0],
							"easing": "easeInOutBounce",
							"easingArgs": [0.5]
						},
						"2.0": {
							"vector": [-32.5, 0, 0],
							"easing": "easeOutBounce"
						},
						"2.1667": {
							"vector": [-28.06681, -11.06861, 5.84485]
						},
						"2.4583": {
							"vector": [-27.58957, -4.43385, 2.31336]
						},
						"2.75": {
							"vector": [-32.5, 0, 0]
						}
					}
				}
			}
		},
		"dug": {
			"loop": true,
			"bones": {
				"body": {
					"rotation": {
						"vector": [0, 0, 0]
					},
					"position": {
						"vector": [0, -67, 0]
					},
					"scale": {
						"vector": [0, 0, 0]
					}
				}
			}
		},
		"new": {
			"loop": true
		}
	},
	"geckolib_format_version": 2
}