{
	"format_version": "1.8.0",
	"animations": {
		"jumpup": {
			"animation_length": 3,
			"bones": {
				"Body": {
					"rotation": {
						"0.0": {
							"vector": [0, 0, 0]
						},
						"0.1667": {
							"vector": [5, 0, 0],
							"easing": "easeInBack"
						},
						"0.3333": {
							"vector": [0, 0, 0],
							"easing": "easeOutBack"
						}
					},
					"position": {
						"0.0": {
							"vector": [0, -35, 0]
						},
						"0.1667": {
							"vector": [0, 10.56, 0],
							"easing": "easeOutBack"
						},
						"0.3333": {
							"vector": [0, 0, 0],
							"easing": "easeOutBack",
							"easingArgs": [1.2]
						}
					}
				},
				"Head": {
					"rotation": {
						"0.0": {
							"vector": [0, 0, 0]
						},
						"0.1667": {
							"vector": [-7.5, 0, 0]
						},
						"0.3333": {
							"vector": [0, 0, 0]
						}
					}
				},
				"bone2": {
					"rotation": {
						"0.0": {
							"vector": [0, 0, 0]
						},
						"0.1667": {
							"vector": [102.5, 0, 0],
							"easing": "easeInBack"
						},
						"0.4167": {
							"vector": [0, 0, 0],
							"easing": "easeOutBack"
						}
					}
				},
				"bone3": {
					"rotation": {
						"0.0": {
							"vector": [0, 0, 0]
						},
						"0.1667": {
							"vector": [30, 0, 0],
							"easing": "easeInBack"
						},
						"0.4167": {
							"vector": [0, 0, 0],
							"easing": "easeOutBack"
						}
					}
				},
				"bone4": {
					"rotation": {
						"0.0": {
							"vector": [0, 0, 0]
						},
						"0.1667": {
							"vector": [50, 0, 0],
							"easing": "easeInBack"
						},
						"0.4167": {
							"vector": [0, 0, 0],
							"easing": "easeOutBack"
						}
					}
				},
				"RightArm": {
					"rotation": {
						"0.0": {
							"vector": [-2.82064, -2.23203, -3.41923]
						},
						"0.1667": {
							"vector": [-90, 0, 0],
							"easing": "easeInBack"
						},
						"0.3333": {
							"vector": [0, 0, 0],
							"easing": "easeOutBack"
						}
					}
				},
				"LeftArm": {
					"rotation": {
						"0.0": {
							"vector": [0, 0, 0]
						},
						"0.1667": {
							"vector": [-90, 0, 0],
							"easing": "easeInBack"
						},
						"0.3333": {
							"vector": [0, 0, 0],
							"easing": "easeOutBack"
						}
					}
				},
				"RightLeg": {
					"rotation": {
						"0.0": {
							"vector": [0, 0, 0]
						},
						"0.1667": {
							"vector": [-7.5, 0, 0],
							"easing": "easeInBounce"
						},
						"0.3333": {
							"vector": [0, 0, 0],
							"easing": "easeOutBack"
						}
					},
					"position": {
						"0.0": {
							"vector": [0, 0, 0]
						},
						"0.1667": {
							"vector": [0, 1, -2],
							"easing": "easeInBounce"
						},
						"0.3333": {
							"vector": [0, 0, 0],
							"easing": "easeOutBack"
						}
					}
				},
				"LeftLeg": {
					"rotation": {
						"0.0": {
							"vector": [0, 0, 0]
						},
						"0.1667": {
							"vector": [-7.5, 0, 0],
							"easing": "easeInBounce"
						},
						"0.3333": {
							"vector": [0, 0, 0],
							"easing": "easeOutBack"
						}
					},
					"position": {
						"0.0": {
							"vector": [0, 0, 0]
						},
						"0.1667": {
							"vector": [0, 1, -2],
							"easing": "easeInBounce"
						},
						"0.3333": {
							"vector": [0, 0, 0],
							"easing": "easeOutBack"
						}
					}
				},
				"bone5": {
					"rotation": {
						"0.0": {
							"vector": [0, 0, 0]
						},
						"0.1667": {
							"vector": [-92.5, 0, 0]
						},
						"0.4167": {
							"vector": [0, 0, 0],
							"easing": "easeOutBack"
						}
					}
				}
			}
		},
		"hopping": {
			"loop": true
		}
	},
	"geckolib_format_version": 2
}