{
	"format_version": "1.8.0",
	"animations": {
		"idle": {
			"loop": true,
			"animation_length": 19.91667,
			"bones": {
				"head": {
					"rotation": {
						"0.0": {
							"vector": [5, 0, 0],
							"easing": "easeInBounce",
							"easingArgs": [0.1]
						},
						"1.6667": {
							"vector": [-12.5, 0, 0],
							"easing": "easeInBounce",
							"easingArgs": [0.5]
						},
						"3.4583": {
							"vector": [-17.5, 0, 0],
							"easing": "easeInOutBounce",
							"easingArgs": [1]
						},
						"4.125": {
							"vector": [-17.5, 0, 0]
						},
						"4.3333": {
							"vector": [13.41, 0, 0]
						},
						"4.5833": {
							"vector": [7.5, 0, 0],
							"easing": "easeOutBounce"
						},
						"5.0": {
							"vector": [27.64, 0, 0]
						},
						"5.5417": {
							"vector": [5, 0, 0],
							"easing": "easeInSine"
						},
						"8.5417": {
							"vector": [-5, 0, 0],
							"easing": "easeOutBounce",
							"easingArgs": [0.1]
						},
						"11.9583": {
							"vector": [5, 0, 0],
							"easing": "easeInBounce",
							"easingArgs": [0.1]
						},
						"15.875": {
							"vector": [-5, 0, 0],
							"easing": "easeOutBounce",
							"easingArgs": [0.1]
						},
						"19.8333": {
							"vector": [5, 0, 0],
							"easing": "easeInBounce",
							"easingArgs": [0.1]
						}
					},
					"position": {
						"4.125": {
							"vector": [0, 0, 0]
						},
						"5.0": {
							"vector": [0, 0, 2]
						},
						"5.25": {
							"vector": [0, 0, -1]
						},
						"5.5417": {
							"vector": [0, 0, 0],
							"easing": "easeInBounce"
						}
					},
					"scale": {
						"vector": [1, 1, 1]
					}
				},
				"armleft1": {
					"rotation": {
						"0.0": {
							"vector": [7.5, 0, 0],
							"easing": "easeOutBounce",
							"easingArgs": [0.2]
						},
						"0.7083": {
							"vector": [4.54069, 2.38932, -5.29596],
							"easing": "easeInBack"
						},
						"4.125": {
							"vector": [6.88274, -4.93108, 13.39225],
							"easing": "easeInElastic"
						},
						"4.5833": {
							"vector": [34.38274, -4.93108, 13.39225],
							"easing": "easeInBack"
						},
						"5.0": {
							"vector": [21.07012, 5.8873, 12.4995]
						},
						"5.2083": {
							"vector": [7.5, 0, 0],
							"easing": "easeOutBounce",
							"easingArgs": [0.2]
						},
						"8.5417": {
							"vector": [8.34855, 2.15589, 1.52391]
						},
						"11.9583": {
							"vector": [7.5, 0, 0],
							"easing": "easeOutBounce",
							"easingArgs": [0.2]
						},
						"15.875": {
							"vector": [8.34855, 2.15589, 1.52391]
						},
						"19.8333": {
							"vector": [7.5, 0, 0],
							"easing": "easeOutBounce",
							"easingArgs": [0.2]
						}
					},
					"position": {
						"0.0": {
							"vector": [0, 0, 0]
						},
						"4.125": {
							"vector": [0, 2, -1],
							"easing": "easeInBounce"
						},
						"4.3333": {
							"vector": [0, 2, 1]
						},
						"4.5833": {
							"vector": [0, 2, -1],
							"easing": "easeInBack"
						},
						"5.2083": {
							"vector": [0, 0, 0]
						},
						"11.9583": {
							"vector": [0, 0, 0]
						},
						"19.8333": {
							"vector": [0, 0, 0]
						}
					},
					"scale": {
						"vector": [1, 1, 1]
					}
				},
				"armright1": {
					"rotation": {
						"0.0": {
							"vector": [12.5, 0, 0],
							"easing": "easeInBounce",
							"easingArgs": [0.1]
						},
						"0.7083": {
							"vector": [12.01344, -3.47869, 0.76256],
							"easing": "easeInBack"
						},
						"4.125": {
							"vector": [10.45889, 5.83713, -12.35393],
							"easing": "easeInElastic",
							"easingArgs": [0.7]
						},
						"4.5833": {
							"vector": [40.45889, 5.83713, -12.35393],
							"easing": "easeOutBack"
						},
						"5.0": {
							"vector": [29.37332, -7.74085, -16.88446]
						},
						"5.2083": {
							"vector": [12.5, 0, 0],
							"easing": "easeInBounce",
							"easingArgs": [0.1]
						},
						"8.5417": {
							"vector": [13.47051, -2.03584, -1.74568]
						},
						"11.9583": {
							"vector": [12.5, 0, 0],
							"easing": "easeInBounce",
							"easingArgs": [0.1]
						},
						"15.875": {
							"vector": [13.47051, -2.03584, -1.74568]
						},
						"19.8333": {
							"vector": [12.5, 0, 0],
							"easing": "easeInBounce",
							"easingArgs": [0.1]
						}
					},
					"position": {
						"0.0": {
							"vector": [0, 0, 0]
						},
						"4.125": {
							"vector": [0, 3, -1]
						},
						"4.3333": {
							"vector": [0, 3, 1]
						},
						"4.5833": {
							"vector": [0, 3, -1],
							"easing": "easeInBounce",
							"easingArgs": [0.2]
						},
						"5.2083": {
							"vector": [0, 0, 0]
						},
						"11.9583": {
							"vector": [0, 0, 0]
						},
						"19.8333": {
							"vector": [0, 0, 0]
						}
					},
					"scale": {
						"0.0": {
							"vector": [1, 1, 1]
						},
						"5.2083": {
							"vector": [1, 1, 1]
						},
						"11.9583": {
							"vector": [1, 1, 1]
						},
						"19.8333": {
							"vector": [1, 1, 1]
						}
					}
				},
				"whole": {
					"rotation": {
						"0.0": {
							"vector": [0, 0, 0]
						},
						"1.6667": {
							"vector": [7.5, 0, 0],
							"easing": "easeOutElastic",
							"easingArgs": [3]
						},
						"2.9167": {
							"vector": [12.5, 0, 0]
						},
						"4.125": {
							"vector": [12.5, 0, 0]
						},
						"5.2083": {
							"vector": [0, 0, 0]
						},
						"11.9583": {
							"vector": [0, 0, 0]
						},
						"19.8333": {
							"vector": [0, 0, 0]
						}
					},
					"position": {
						"0.0": {
							"vector": [0, 0, 0]
						},
						"4.125": {
							"vector": [0, 0, 0]
						},
						"4.25": {
							"vector": [0, 0, 0]
						},
						"5.2083": {
							"vector": [0, 0, 0]
						},
						"8.5417": {
							"vector": [0, -1, 0]
						},
						"11.9583": {
							"vector": [0, 0, 0]
						},
						"15.875": {
							"vector": [0, -1, 0]
						},
						"19.8333": {
							"vector": [0, 0, 0]
						}
					},
					"scale": {
						"vector": [1, 1, 1]
					}
				},
				"body": {
					"rotation": {
						"0.0": {
							"vector": [0, 0, 0]
						},
						"0.375": {
							"vector": [-7.5, 0, 0]
						},
						"0.6667": {
							"vector": [-2.5, 0, 0],
							"easing": "easeInBack"
						},
						"4.125": {
							"vector": [-2.5, 0, 0]
						},
						"4.3333": {
							"vector": [-12.5, 0, 0]
						},
						"4.5833": {
							"vector": [0, 0, 0],
							"easing": "easeInBack"
						},
						"5.0": {
							"vector": [0, 0, 0]
						},
						"11.9583": {
							"vector": [0, 0, 0]
						},
						"19.8333": {
							"vector": [0, 0, 0]
						}
					},
					"position": {
						"vector": [0, 0, 0]
					},
					"scale": {
						"vector": [1, 1, 1]
					}
				},
				"armleft2": {
					"rotation": {
						"0.0": {
							"vector": [169.52399, 62.36767, -180.92732],
							"easing": "linear"
						},
						"0.7083": {
							"vector": [169, 65, -152],
							"easing": "easeInBack"
						},
						"1.6667": {
							"vector": [203.09822, 67.51203, -192.59343]
						},
						"2.9167": {
							"vector": [217.83918, 76.36721, -211.77854]
						},
						"4.125": {
							"vector": [220.68823, 80.43624, -216.1609],
							"easing": "easeOutBounce"
						},
						"4.3333": {
							"vector": [241.01329, 82.63865, -243.956]
						},
						"4.5833": {
							"vector": [222.02193, 79.75727, -211.41895]
						},
						"5.2083": {
							"vector": [169.52399, 62.36767, -180.92732],
							"easing": "linear"
						},
						"11.9583": {
							"vector": [169.52399, 62.36767, -180.92732],
							"easing": "linear"
						},
						"19.8333": {
							"vector": [169.52399, 62.36767, -180.92732],
							"easing": "linear"
						}
					},
					"position": {
						"0.0": {
							"vector": [0, 0, 0],
							"easing": "linear"
						},
						"4.125": {
							"vector": [0, 0, 0]
						},
						"4.5833": {
							"vector": [0, 0, 0]
						},
						"5.2083": {
							"vector": [0, 0, 0],
							"easing": "linear"
						},
						"11.9583": {
							"vector": [0, 0, 0],
							"easing": "linear"
						},
						"19.8333": {
							"vector": [0, 0, 0],
							"easing": "linear"
						}
					},
					"scale": {
						"0.0": {
							"vector": [1, 1, 1]
						},
						"5.2083": {
							"vector": [1, 1, 1]
						},
						"11.9583": {
							"vector": [1, 1, 1]
						},
						"19.8333": {
							"vector": [1, 1, 1]
						}
					}
				},
				"armright2": {
					"rotation": {
						"0.0": {
							"vector": [191.23985, -63.91355, 186.04382]
						},
						"0.7083": {
							"vector": [191.44128, -61.12617, 161.40043],
							"easing": "easeInBack"
						},
						"1.6667": {
							"vector": [225.95135, -75.15426, 203.06669],
							"easing": "linear"
						},
						"2.9167": {
							"vector": [235.43144, -88.78326, 217.58108]
						},
						"4.125": {
							"vector": [235.43144, -88.78326, 217.58108],
							"easing": "easeOutBounce"
						},
						"4.3333": {
							"vector": [256.4769, -77.20188, 250.14042]
						},
						"4.5833": {
							"vector": [236.84054, -87.38994, 220.08991]
						},
						"5.2083": {
							"vector": [191.23985, -63.91355, 186.04382]
						},
						"11.9583": {
							"vector": [191.23985, -63.91355, 186.04382]
						},
						"19.8333": {
							"vector": [191.23985, -63.91355, 186.04382]
						}
					},
					"position": {
						"0.0": {
							"vector": [0, 0, 0],
							"easing": "easeInBack",
							"easingArgs": [0.1]
						},
						"4.125": {
							"vector": [0, 0, 0]
						},
						"4.5833": {
							"vector": [0, 0, 0]
						},
						"5.2083": {
							"vector": [0, 0, 0],
							"easing": "easeInBack",
							"easingArgs": [0.1]
						},
						"11.9583": {
							"vector": [0, 0, 0],
							"easing": "easeInBack",
							"easingArgs": [0.1]
						},
						"19.8333": {
							"vector": [0, 0, 0],
							"easing": "easeInBack",
							"easingArgs": [0.1]
						}
					},
					"scale": {
						"0.0": {
							"vector": [1, 1, 1]
						},
						"4.125": {
							"vector": [1, 1, 1]
						},
						"5.2083": {
							"vector": [1, 1, 1]
						},
						"11.9583": {
							"vector": [1, 1, 1]
						},
						"19.8333": {
							"vector": [1, 1, 1]
						}
					}
				},
				"rigbod": {
					"rotation": {
						"0.0": {
							"vector": [0, 0, 0]
						},
						"1.7083": {
							"vector": [-7.5, 0, 0]
						},
						"2.9167": {
							"vector": [-10, 0, 0]
						},
						"4.125": {
							"vector": [-10, 0, 0]
						},
						"4.5833": {
							"vector": [-10, 0, 0]
						},
						"5.2083": {
							"vector": [0, 0, 0]
						},
						"11.9583": {
							"vector": [0, 0, 0]
						},
						"19.8333": {
							"vector": [0, 0, 0]
						}
					},
					"position": {
						"0.0": {
							"vector": [0, 0, 0]
						},
						"4.125": {
							"vector": [0, 0, 0]
						},
						"4.5833": {
							"vector": [0, 0, 0]
						},
						"5.2083": {
							"vector": [0, 0, 0]
						},
						"11.9583": {
							"vector": [0, 0, 0]
						},
						"19.8333": {
							"vector": [0, 0, 0]
						}
					},
					"scale": {
						"0.0": {
							"vector": [1, 1, 1]
						},
						"4.125": {
							"vector": [1, 1, 1]
						},
						"4.5833": {
							"vector": [1, 1, 1]
						},
						"5.2083": {
							"vector": [1, 1, 1]
						},
						"11.9583": {
							"vector": [1, 1, 1]
						},
						"19.8333": {
							"vector": [1, 1, 1]
						}
					}
				}
			}
		},
		"run": {
			"loop": true,
			"animation_length": 0.875,
			"bones": {
				"whole": {
					"rotation": {
						"0.0": {
							"vector": [-7.5, 0, 0]
						},
						"0.1667": {
							"vector": [2.53852, -9.99038, -0.44067],
							"easing": "linear"
						},
						"0.4583": {
							"vector": [-7.5, 0, 0]
						},
						"0.625": {
							"vector": [-7.61435, 9.91358, -1.31845],
							"easing": "easeOutBack"
						},
						"0.875": {
							"vector": [-7.5, 0, 0]
						}
					},
					"position": {
						"0.0": {
							"vector": [0, 0, 0]
						},
						"0.1667": {
							"vector": [0, 0, -4]
						},
						"0.4583": {
							"vector": [0, 0, 0]
						},
						"0.625": {
							"vector": [0, 0, -4]
						},
						"0.875": {
							"vector": [0, 0, 0]
						}
					}
				},
				"body": {
					"position": {
						"0.0": {
							"vector": [0, 0, 0]
						},
						"0.875": {
							"vector": [0, 0, 0]
						}
					}
				},
				"head": {
					"rotation": {
						"0.0": {
							"vector": [7.61435, 9.91358, 3.81845]
						},
						"0.1667": {
							"vector": [27.56397, 7.43547, 3.48448],
							"easing": "easeInSine"
						},
						"0.4583": {
							"vector": [7.7614, -14.8687, 0.49693],
							"easing": "easeInSine"
						},
						"0.625": {
							"vector": [40.20258, -4.95579, 1.82554],
							"easing": "easeInSine"
						},
						"0.875": {
							"vector": [7.61435, 9.91358, 3.81845],
							"easing": "easeInSine"
						}
					},
					"position": {
						"0.0": {
							"vector": [0, 0, 0]
						},
						"0.1667": {
							"vector": [0, 0, 3]
						},
						"0.4583": {
							"vector": [0, 0, 3]
						},
						"0.625": {
							"vector": [0, 0, 0],
							"easing": "easeInBounce",
							"easingArgs": [0.2]
						},
						"0.875": {
							"vector": [0, 0, 0]
						}
					}
				},
				"armleft1": {
					"rotation": {
						"0.0": {
							"vector": [-123.43604, -15.38736, -10.99953]
						},
						"0.1667": {
							"vector": [2.88663, -21.15526, 58.60709],
							"easing": "easeInSine"
						},
						"0.4583": {
							"vector": [-21.18796, 13.47363, -25.16379],
							"easing": "linear"
						},
						"0.625": {
							"vector": [1.38, -4.6, 15.1]
						},
						"0.875": {
							"vector": [-70, 17.5, 0]
						}
					},
					"position": {
						"0.0": {
							"vector": [0, 0, 0]
						},
						"0.1667": {
							"vector": [0, 0, 0]
						}
					}
				},
				"armleft2": {
					"rotation": {
						"0.0": {
							"vector": [0, 0, 0]
						},
						"0.1667": {
							"vector": [-197.74859, 65.20243, 149.1411],
							"easing": "linear"
						},
						"0.4583": {
							"vector": [-255.99433, 71.81398, 224.96138]
						},
						"0.625": {
							"vector": [-251.06827, 66.41219, 223.87694],
							"easing": "linear"
						},
						"0.875": {
							"vector": [0, 0, 0]
						}
					}
				},
				"armright1": {
					"rotation": {
						"0.0": {
							"vector": [1.38209, -4.59677, 15.09547]
						},
						"0.1667": {
							"vector": [1.38, -4.6, 15.1]
						},
						"0.4583": {
							"vector": [-60.51353, -1.42764, -22.15253]
						},
						"0.625": {
							"vector": [29.57935, 25.73424, -47.57507],
							"easing": "easeInBack"
						},
						"0.875": {
							"vector": [1.38209, -4.59677, 15.09547]
						}
					},
					"position": {
						"0.0": {
							"vector": [0, 0, 0]
						},
						"0.1667": {
							"vector": [0, 0, 0]
						},
						"0.875": {
							"vector": [0, 0, 0]
						}
					}
				},
				"armright2": {
					"rotation": {
						"0.0": {
							"vector": [171.5, -51.81818, -191.81818]
						},
						"0.1667": {
							"vector": [171.5, -51.81818, -191.81818]
						},
						"0.625": {
							"vector": [184, -75, -130]
						},
						"0.875": {
							"vector": [171.5, -51.81818, -191.81818]
						}
					}
				}
			}
		},
		"bite": {
			"animation_length": 0.45833,
			"bones": {
				"whole": {
					"position": {
						"0.0": {
							"vector": [0, 0, 0]
						},
						"0.0833": {
							"vector": [0, 4, 6],
							"easing": "easeOutBack"
						},
						"0.2083": {
							"vector": [0, 0, 6]
						},
						"0.2917": {
							"vector": [0, 3, -2]
						},
						"0.375": {
							"vector": [0, 0, 0]
						}
					}
				},
				"body": {
					"rotation": {
						"vector": [0, 0, 0]
					}
				},
				"rigbod": {
					"rotation": {
						"vector": [0, 0, 0]
					}
				},
				"head": {
					"rotation": {
						"0.0": {
							"vector": [0, 0, 0]
						},
						"0.2083": {
							"vector": [92.5, 0, 0]
						},
						"0.375": {
							"vector": [-57.5, 0, 0],
							"easing": "easeOutBack"
						},
						"0.4583": {
							"vector": [-2.5, 0, 0],
							"easing": "easeOutBack"
						}
					}
				},
				"armleft1": {
					"rotation": {
						"0.0": {
							"vector": [0, 0, 0]
						},
						"0.0833": {
							"vector": [-79.22174, 27.29631, -83.82199]
						},
						"0.2083": {
							"vector": [0, 0, 0]
						},
						"0.2917": {
							"vector": [-80, 0, 0]
						},
						"0.375": {
							"vector": [20, 0, 0]
						},
						"0.4583": {
							"vector": [0, 0, 0]
						}
					},
					"position": {
						"0.0": {
							"vector": [0, 0, 0]
						},
						"0.375": {
							"vector": [0, 0, 0]
						},
						"0.4583": {
							"vector": [0, 0, 0]
						}
					}
				},
				"armleft2": {
					"rotation": {
						"0.0": {
							"vector": [0, 0, 0]
						},
						"0.2083": {
							"vector": [0, 2.5, 0]
						},
						"0.3333": {
							"vector": [0, 0, 0]
						}
					}
				},
				"armright1": {
					"rotation": {
						"0.0": {
							"vector": [0, 0, 0]
						},
						"0.0833": {
							"vector": [-89.2646, -27.45576, 92.53593]
						},
						"0.2083": {
							"vector": [15, 0, 0]
						},
						"0.2917": {
							"vector": [-67.5, 0, 0]
						},
						"0.375": {
							"vector": [17.5, 0, 0]
						},
						"0.4583": {
							"vector": [0, 0, 0]
						}
					},
					"position": {
						"0.0": {
							"vector": [0, 0, 0]
						},
						"0.375": {
							"vector": [0, 0, 0]
						},
						"0.4583": {
							"vector": [0, 0, 0]
						}
					}
				},
				"armright2": {
					"rotation": {
						"0.0": {
							"vector": [0, 0, 0]
						},
						"0.2083": {
							"vector": [0, -5, 0]
						},
						"0.375": {
							"vector": [0, 0, 0]
						}
					}
				}
			}
		},
		"death": {
			"animation_length": 2.54167,
			"bones": {
				"whole": {
					"rotation": {
						"0.0": {
							"vector": [0, 0, 0]
						},
						"0.1667": {
							"vector": [0, 0, 0]
						}
					},
					"position": {
						"0.0": {
							"vector": [0, 0, 0]
						},
						"0.1667": {
							"vector": [0, 0, 0]
						},
						"0.25": {
							"vector": [0, -10, 0]
						}
					},
					"scale": {
						"vector": [1, 1, 1]
					}
				},
				"head": {
					"rotation": {
						"0.0": {
							"vector": [0, 0, 0]
						},
						"0.1667": {
							"vector": [-60, 0, 0],
							"easing": "easeOutBack"
						},
						"0.25": {
							"vector": [-45, 0, 0]
						},
						"0.375": {
							"vector": [-67.09019, -39.85571, 56.5968],
							"easing": "easeInElastic",
							"easingArgs": [2]
						},
						"0.4583": {
							"vector": [-135, 0, 180],
							"easing": "easeInElastic"
						}
					},
					"position": {
						"vector": [0, 0, 0]
					},
					"scale": {
						"vector": [1, 1, 1]
					}
				},
				"armleft1": {
					"rotation": {
						"0.0": {
							"vector": [0, 0, 0]
						},
						"0.25": {
							"vector": [0, -30, 0]
						}
					}
				},
				"armleft2": {
					"rotation": {
						"0.0": {
							"vector": [0, 0, 0]
						},
						"0.25": {
							"vector": [-1.61043, 122.69893, 92.62962],
							"easing": "easeInElastic"
						}
					}
				},
				"armright1": {
					"rotation": {
						"0.0": {
							"vector": [0, 0, 0]
						},
						"0.25": {
							"vector": [0, 32.5, 0]
						}
					}
				},
				"armright2": {
					"rotation": {
						"0.0": {
							"vector": [0, 0, 0]
						},
						"0.25": {
							"vector": [1.91409, -125.07783, -84.59828],
							"easing": "easeInElastic"
						}
					}
				}
			}
		},
		"shoot": {
			"animation_length": 1.16667,
			"bones": {
				"whole": {
					"position": {
						"0.0": {
							"vector": [0, 0, 0]
						},
						"0.25": {
							"vector": [0, 2, 0]
						},
						"1.0": {
							"vector": [0, 0, 0]
						}
					}
				},
				"body": {
					"position": {
						"0.0": {
							"vector": [0, 0, 0]
						},
						"0.4167": {
							"vector": [0, 0, 0]
						},
						"0.5": {
							"vector": [0, 0, 3],
							"easing": "easeInBack"
						},
						"0.5833": {
							"vector": [0, 0, 0]
						},
						"0.6667": {
							"vector": [0, 0, 3],
							"easing": "easeInBack"
						},
						"0.75": {
							"vector": [0, 0, 0]
						},
						"0.8333": {
							"vector": [0, 0, 3],
							"easing": "easeInBack"
						},
						"0.9167": {
							"vector": [0, 0, 0]
						},
						"1.0": {
							"vector": [0, 0, 0]
						}
					}
				},
				"head": {
					"rotation": {
						"0.0": {
							"vector": [0, 0, 0]
						},
						"0.0833": {
							"vector": [7.85952, -17.34551, -2.35666],
							"easing": "easeOutElastic"
						},
						"0.1667": {
							"vector": [17.36475, 29.85154, 10.01156],
							"easing": "easeInElastic"
						},
						"0.25": {
							"vector": [7.85952, -17.34551, -2.35666],
							"easing": "easeOutElastic"
						},
						"0.3333": {
							"vector": [17.36475, 29.85154, 10.01156],
							"easing": "easeInElastic"
						},
						"0.4167": {
							"vector": [10, 0, 0]
						},
						"0.5": {
							"vector": [22.5, 0, 0]
						},
						"0.5833": {
							"vector": [10, 0, 0]
						},
						"0.6667": {
							"vector": [22.5, 0, 0]
						},
						"0.75": {
							"vector": [10, 0, 0]
						},
						"0.8333": {
							"vector": [22.5, 0, 0]
						},
						"0.9167": {
							"vector": [10, 0, 0]
						},
						"1.0": {
							"vector": [0, 0, 0]
						}
					},
					"position": {
						"0.0": {
							"vector": [0, 0, 0]
						},
						"0.4167": {
							"vector": [0, -1.53, 0]
						},
						"0.5": {
							"vector": [0, -6, 3],
							"easing": "easeInBack"
						},
						"0.5833": {
							"vector": [0, -2, 0]
						},
						"0.6667": {
							"vector": [0, -6, 3],
							"easing": "easeInBack"
						},
						"0.75": {
							"vector": [0, -2, 0]
						},
						"0.8333": {
							"vector": [0, -6, 3],
							"easing": "easeInBack"
						},
						"0.9167": {
							"vector": [0, -2, 0]
						},
						"1.0": {
							"vector": [0, 0, 0]
						}
					}
				},
				"armleft1": {
					"rotation": {
						"0.0": {
							"vector": [0, 0, 0]
						},
						"0.4167": {
							"vector": [0, -5, 0]
						},
						"0.5": {
							"vector": [11.16127, -21.96315, 32.64603],
							"easing": "easeInBack"
						},
						"0.5833": {
							"vector": [0, -5, 0]
						},
						"0.6667": {
							"vector": [11.16127, -21.96315, 32.64603],
							"easing": "easeInBack"
						},
						"0.75": {
							"vector": [0, -5, 0]
						},
						"0.8333": {
							"vector": [11.16127, -21.96315, 32.64603],
							"easing": "easeInBack"
						},
						"0.9167": {
							"vector": [0, -5, 0]
						},
						"1.0": {
							"vector": [0, 0, 0]
						}
					},
					"position": {
						"0.0": {
							"vector": [0, 0, 0]
						},
						"1.0": {
							"vector": [0, 0, 0]
						}
					},
					"scale": {
						"0.0": {
							"vector": [1, 1, 1]
						},
						"1.0": {
							"vector": [1, 1, 1]
						}
					}
				},
				"armleft2": {
					"rotation": {
						"0.0": {
							"vector": [0, 0, 0]
						},
						"0.4167": {
							"vector": [0, 10, 0]
						},
						"1.0": {
							"vector": [0, 0, 0]
						}
					}
				},
				"armright1": {
					"rotation": {
						"0.0": {
							"vector": [0, 0, 0]
						},
						"0.4167": {
							"vector": [0, 7.5, 0]
						},
						"0.5": {
							"vector": [9.79733, 24.07101, -32.4154],
							"easing": "easeInBack"
						},
						"0.5833": {
							"vector": [0, 7.5, 0]
						},
						"0.6667": {
							"vector": [9.79733, 24.07101, -32.4154],
							"easing": "easeInBack"
						},
						"0.75": {
							"vector": [0, 7.5, 0]
						},
						"0.8333": {
							"vector": [9.79733, 24.07101, -32.4154],
							"easing": "easeInBack"
						},
						"0.9167": {
							"vector": [0, 7.5, 0]
						},
						"1.0": {
							"vector": [0, 0, 0]
						}
					},
					"position": {
						"0.0": {
							"vector": [0, 0, 0]
						},
						"1.0": {
							"vector": [0, 0, 0]
						}
					},
					"scale": {
						"0.0": {
							"vector": [1, 1, 1]
						},
						"1.0": {
							"vector": [1, 1, 1]
						}
					}
				},
				"armright2": {
					"rotation": {
						"0.0": {
							"vector": [0, 0, 0]
						},
						"0.4167": {
							"vector": [0, -10, 0]
						},
						"1.0": {
							"vector": [0, 0, 0]
						}
					}
				}
			}
		}
	},
	"geckolib_format_version": 2
}