{
	"format_version": "1.8.0",
	"animations": {
		"attack": {
			"animation_length": 0.4167,
			"bones": {
				"body": {
					"rotation": {
						"0.0": {
							"vector": [-21.54111, -9.55195, 7.81077]
						},
						"0.125": {
							"vector": [95.95889, -9.55195, 7.81077],
							"easing": "linear"
						},
						"0.25": {
							"vector": [16.49301, -46.99789, 67.40604],
							"easing": "linear"
						},
						"0.4167": {
							"vector": [130.99718, 75.09261, 39.37881],
							"easing": "easeOutBack"
						}
					},
					"position": {
						"0.0": {
							"vector": [0, 1, -5]
						},
						"0.125": {
							"vector": [0, -3, -5],
							"easing": "easeOutElastic",
							"easingArgs": [1.2]
						},
						"0.25": {
							"vector": [0, 1, -5],
							"easing": "linear"
						},
						"0.4167": {
							"vector": [-8, -3, -2],
							"easing": "easeOutBack"
						}
					},
					"scale": {
						"0.0": {
							"vector": [1, 1, 1]
						},
						"0.125": {
							"vector": [1, 1, 1]
						},
						"0.25": {
							"vector": [1, 1, 1]
						}
					}
				},
				"head": {
					"rotation": {
						"0.0": {
							"vector": [-77.5, 0, 0]
						},
						"0.125": {
							"vector": [-82.5, 0, 0]
						},
						"0.25": {
							"vector": [-97.15031, 22.01782, 7.62731]
						},
						"0.4167": {
							"vector": [-115, 0, 0]
						}
					},
					"position": {
						"0.0": {
							"vector": [1.06582, 0.6589, -0.30261]
						},
						"0.125": {
							"vector": [0, -1, 0]
						},
						"0.25": {
							"vector": [0, 2, 0]
						},
						"0.4167": {
							"vector": [0, -1, 0]
						}
					},
					"scale": {
						"0.0": {
							"vector": [1, 1, 1]
						},
						"0.125": {
							"vector": [1, 1, 1]
						},
						"0.25": {
							"vector": [1, 1, 1]
						}
					}
				},
				"looky": {
					"rotation": {
						"0.0": {
							"vector": [0, 0, 0]
						},
						"0.25": {
							"vector": [0, 0, 0]
						}
					},
					"position": {
						"0.0": {
							"vector": [0, 0, 0]
						},
						"0.25": {
							"vector": [0, 0, 0]
						}
					},
					"scale": {
						"0.0": {
							"vector": [1, 1, 1]
						},
						"0.25": {
							"vector": [1, 1, 1]
						}
					}
				},
				"hair1": {
					"rotation": {
						"0.0": {
							"vector": [0, -45, 0],
							"easing": "easeOutBack",
							"easingArgs": [1.5]
						},
						"0.125": {
							"vector": [0, 35, 0],
							"easing": "easeInBack",
							"easingArgs": [1.5]
						},
						"0.25": {
							"vector": [0, -45, 0],
							"easing": "easeOutBack",
							"easingArgs": [1.5]
						},
						"0.4167": {
							"vector": [0, 35, 0],
							"easing": "easeInBack",
							"easingArgs": [1.5]
						}
					},
					"position": {
						"0.0": {
							"vector": [0, 0, 0]
						},
						"0.25": {
							"vector": [0, 0, 0]
						}
					},
					"scale": {
						"0.0": {
							"vector": [1, 1, 1]
						},
						"0.25": {
							"vector": [1, 1, 1]
						}
					}
				},
				"hair2": {
					"rotation": {
						"0.0": {
							"vector": [0, 45, 0],
							"easing": "easeOutBack",
							"easingArgs": [1.5]
						},
						"0.125": {
							"vector": [0, -35, 0],
							"easing": "easeInBack",
							"easingArgs": [1.5]
						},
						"0.25": {
							"vector": [0, 45, 0],
							"easing": "easeOutBack",
							"easingArgs": [1.5]
						},
						"0.4167": {
							"vector": [0, -35, 0],
							"easing": "easeInBack",
							"easingArgs": [1.5]
						}
					},
					"position": {
						"0.0": {
							"vector": [0, 0, 0]
						},
						"0.25": {
							"vector": [0, 0, 0]
						}
					},
					"scale": {
						"0.0": {
							"vector": [1, 1, 1]
						},
						"0.25": {
							"vector": [1, 1, 1]
						}
					}
				},
				"leftLeg": {
					"rotation": {
						"0.0": {
							"vector": [42.5, 0, 0]
						},
						"0.125": {
							"vector": [85, 0, 0],
							"easing": "easeInBack",
							"easingArgs": [1.2]
						},
						"0.25": {
							"vector": [-41.50854, -40.86884, -35.5308],
							"easing": "easeInElastic",
							"easingArgs": [1.2]
						},
						"0.4167": {
							"vector": [-12.98138, -2.10214, -0.4981],
							"easing": "easeOutElastic"
						}
					},
					"position": {
						"0.0": {
							"vector": [0, 2, -6]
						},
						"0.125": {
							"vector": [0, -2, -1]
						},
						"0.25": {
							"vector": [0, 1, -5]
						},
						"0.4167": {
							"vector": [-6, -1, -5]
						}
					},
					"scale": {
						"0.0": {
							"vector": [1, 1, 1]
						},
						"0.25": {
							"vector": [1, 1, 1]
						}
					}
				},
				"rightLeg": {
					"rotation": {
						"0.0": {
							"vector": [-55.48138, -2.10214, -0.4981]
						},
						"0.125": {
							"vector": [-12.98138, -2.10214, -0.4981],
							"easing": "easeOutElastic"
						},
						"0.25": {
							"vector": [42.5, 0, 0],
							"easing": "easeOutElastic"
						},
						"0.4167": {
							"vector": [85, 0, 0],
							"easing": "easeInBack",
							"easingArgs": [1.2]
						}
					},
					"position": {
						"0.0": {
							"vector": [0, 1, -5]
						},
						"0.125": {
							"vector": [0, -1, -5]
						},
						"0.25": {
							"vector": [0, 2, -6]
						},
						"0.4167": {
							"vector": [-10, -2, -1]
						}
					},
					"scale": {
						"0.0": {
							"vector": [1, 1, 1]
						},
						"0.25": {
							"vector": [1, 1, 1]
						}
					}
				},
				"hair3": {
					"rotation": {
						"0.0": {
							"vector": [-45, 0, 0],
							"easing": "easeOutBack",
							"easingArgs": [1.5]
						},
						"0.125": {
							"vector": [35, 0, 0],
							"easing": "easeOutBack",
							"easingArgs": [1.5]
						},
						"0.25": {
							"vector": [-45, 0, 0],
							"easing": "easeOutBack",
							"easingArgs": [1.5]
						},
						"0.4167": {
							"vector": [35, 0, 0],
							"easing": "easeOutBack",
							"easingArgs": [1.5]
						}
					},
					"position": {
						"0.0": {
							"vector": [0, 0, 0]
						},
						"0.25": {
							"vector": [0, 0, 0]
						}
					},
					"scale": {
						"0.0": {
							"vector": [1, 1, 1]
						},
						"0.25": {
							"vector": [1, 1, 1]
						}
					}
				},
				"cube_r1": {
					"rotation": {
						"0.0": {
							"vector": [0, 0, 0]
						},
						"0.25": {
							"vector": [0, 0, 0]
						}
					},
					"position": {
						"0.0": {
							"vector": [0, 0, 0]
						},
						"0.25": {
							"vector": [0, 0, 0]
						}
					},
					"scale": {
						"0.0": {
							"vector": [1, 1, 1]
						},
						"0.25": {
							"vector": [1, 1, 1]
						}
					}
				},
				"leftarm": {
					"rotation": {
						"0.0": {
							"vector": [-105.23879, -65.83275, -26.5589]
						},
						"0.125": {
							"vector": [-158.75693, -69.53776, -9.27188]
						},
						"0.25": {
							"vector": [-220.92166, 4.53799, -255.16988]
						},
						"0.4167": {
							"vector": [-173.04388, -27.40485, -403.96297]
						}
					}
				},
				"leftarm2": {
					"rotation": {
						"0.0": {
							"vector": [-34.81608, 14.90835, 110.30179]
						},
						"0.125": {
							"vector": [-16.3506, 3.12816, 21.52311]
						}
					}
				}
			}
		},
		"charge": {
			"animation_length": 1.125,
			"override_previous_animation": true,
			"bones": {
				"body": {
					"rotation": {
						"0.0": {
							"vector": [47.5, 0, 0]
						},
						"0.125": {
							"vector": [52.5, 0, -5]
						},
						"0.25": {
							"vector": [52.5, 0, 2.5]
						},
						"0.375": {
							"vector": [52.5, 0, -7.5]
						},
						"0.5417": {
							"vector": [52.5, 0, 2.5]
						},
						"0.7083": {
							"vector": [55, 0, -10]
						},
						"0.8333": {
							"vector": [52.5, 0, 5]
						},
						"0.9583": {
							"vector": [55, 0, -15]
						},
						"1.125": {
							"vector": [52.5, 0, 2.5]
						}
					},
					"position": {
						"vector": [0, 0, 0]
					},
					"scale": {
						"vector": [1, 1, 1]
					}
				},
				"head": {
					"rotation": {
						"0.0": {
							"vector": [0, 0, 0]
						},
						"0.125": {
							"vector": [0, 0, -22.5],
							"easing": "easeInBack"
						},
						"0.25": {
							"vector": [0, 0, 7.5],
							"easing": "easeInBack"
						},
						"0.375": {
							"vector": [0, 0, -25],
							"easing": "easeInBack"
						},
						"0.5417": {
							"vector": [0, 0, 7.5],
							"easing": "easeInBack"
						},
						"0.7083": {
							"vector": [0, 0, -22.5],
							"easing": "easeInBack"
						},
						"0.8333": {
							"vector": [0, 0, 7.5],
							"easing": "easeInBack"
						},
						"0.9583": {
							"vector": [0, 0, -25],
							"easing": "easeInBack"
						},
						"1.125": {
							"vector": [0, 0, 7.5],
							"easing": "easeInBack"
						}
					},
					"position": {
						"vector": [0, 0, 0]
					},
					"scale": {
						"vector": [1, 1, 1]
					}
				},
				"cube_r1": {
					"rotation": {
						"vector": [0, 0, 0]
					},
					"position": {
						"vector": [0, 0, 0]
					},
					"scale": {
						"vector": [1, 1, 1]
					}
				},
				"looky": {
					"rotation": {
						"vector": [0, 0, 0]
					},
					"position": {
						"vector": [0, 0, 0]
					},
					"scale": {
						"vector": [1, 1, 1]
					}
				},
				"hair1": {
					"rotation": {
						"vector": [0, 0, 0]
					},
					"position": {
						"vector": [0, 0, 0]
					},
					"scale": {
						"vector": [1, 1, 1]
					}
				},
				"hair2": {
					"rotation": {
						"vector": [0, 0, 0]
					},
					"position": {
						"vector": [0, 0, 0]
					},
					"scale": {
						"vector": [1, 1, 1]
					}
				},
				"hair3": {
					"rotation": {
						"vector": [0, 0, 0]
					},
					"position": {
						"vector": [0, 0, 0]
					},
					"scale": {
						"vector": [1, 1, 1]
					}
				},
				"leftLeg": {
					"rotation": {
						"vector": [0, 0, 0]
					},
					"position": {
						"vector": [0, 0, 0]
					},
					"scale": {
						"vector": [1, 1, 1]
					}
				},
				"rightLeg": {
					"rotation": {
						"vector": [0, 0, 0]
					},
					"position": {
						"vector": [0, 0, 0]
					},
					"scale": {
						"vector": [1, 1, 1]
					}
				},
				"tumour": {
					"rotation": {
						"vector": [0, 0, 0]
					},
					"position": {
						"vector": [0, 0, 0]
					},
					"scale": {
						"vector": [1, 1, 1]
					}
				},
				"tumour2": {
					"rotation": {
						"vector": [0, 0, 0]
					},
					"position": {
						"vector": [0, 0, 0]
					}
				},
				"tumour3": {
					"rotation": {
						"vector": [0, 0, 0]
					},
					"position": {
						"vector": [0, 0, 0]
					},
					"scale": {
						"vector": [1, 1, 1]
					}
				},
				"leftarm": {
					"rotation": {
						"vector": [-12.5, 0, 0]
					}
				},
				"leftarm2": {
					"rotation": {
						"vector": [-12.5, 0, 0]
					}
				}
			}
		},
		"idle": {
			"loop": true,
			"animation_length": 4.0417,
			"bones": {
				"body": {
					"rotation": {
						"vector": [47.5, 0, 0]
					},
					"position": {
						"vector": [0, 0, 0]
					},
					"scale": {
						"vector": [1, 1, 1]
					}
				},
				"head": {
					"rotation": {
						"0.0": {
							"vector": [0, 0, 0],
							"easing": "easeOutBack"
						},
						"1.0": {
							"vector": [5.42278, -6.06837, -7.9632],
							"easing": "easeInBack"
						},
						"2.0": {
							"vector": [5.42278, 6.06837, 7.9632],
							"easing": "easeOutElastic"
						},
						"3.0": {
							"vector": [10.42278, -6.06837, -7.9632],
							"easing": "easeInBack"
						},
						"4.0417": {
							"vector": [0, 0, 0],
							"easing": "easeOutBack"
						}
					},
					"position": {
						"vector": [0, 0, 0]
					},
					"scale": {
						"0.0": {
							"vector": [1, 1, 1],
							"easing": "easeOutBack",
							"easingArgs": [1.8]
						},
						"4.0417": {
							"vector": [1, 1, 1],
							"easing": "easeOutBack",
							"easingArgs": [1.8]
						}
					}
				},
				"hair1": {
					"rotation": {
						"0.0": {
							"vector": [0, -55, 0]
						},
						"2.0": {
							"vector": [0, -42.5, 0],
							"easing": "easeOutBack",
							"easingArgs": [1.6]
						},
						"4.0417": {
							"vector": [0, -55, 0],
							"easing": "easeOutBack",
							"easingArgs": [1.8]
						}
					},
					"position": {
						"vector": [0, 0, 0]
					},
					"scale": {
						"vector": [1, 1, 1]
					}
				},
				"hair2": {
					"rotation": {
						"0.0": {
							"vector": [0, 52.5, 0]
						},
						"2.0": {
							"vector": [0, 45, 0],
							"easing": "easeOutBack",
							"easingArgs": [1.6]
						},
						"4.0417": {
							"vector": [0, 52.5, 0],
							"easing": "easeOutBack",
							"easingArgs": [1.8]
						}
					},
					"position": {
						"vector": [0, 0, 0]
					},
					"scale": {
						"vector": [1, 1, 1]
					}
				},
				"leftLeg": {
					"rotation": {
						"vector": [0, 0, 0]
					},
					"position": {
						"vector": [0, 0, 0]
					},
					"scale": {
						"vector": [1, 1, 1]
					}
				},
				"rightLeg": {
					"rotation": {
						"vector": [0, 0, 0]
					},
					"position": {
						"vector": [0, 0, 0]
					},
					"scale": {
						"vector": [1, 1, 1]
					}
				},
				"hair3": {
					"rotation": {
						"0.0": {
							"vector": [-55, 0, 0]
						},
						"2.0": {
							"vector": [-47.5, 0, 0],
							"easing": "easeOutBack",
							"easingArgs": [1.6]
						},
						"4.0417": {
							"vector": [-55, 0, 0],
							"easing": "easeOutBack",
							"easingArgs": [1.8]
						}
					},
					"position": {
						"vector": [0, 0, 0]
					},
					"scale": {
						"vector": [1, 1, 1]
					}
				},
				"leftarm": {
					"rotation": {
						"vector": [-17.5, 0, 0]
					}
				},
				"leftarm2": {
					"rotation": {
						"vector": [-20, 0, 0]
					}
				}
			}
		},
		"charge2": {
			"animation_length": 1.125,
			"override_previous_animation": true,
			"bones": {
				"body": {
					"rotation": {
						"0.0": {
							"vector": [47.5, 0, 0]
						},
						"0.125": {
							"vector": [52.5, 0, -5]
						},
						"0.25": {
							"vector": [52.5, 0, 2.5]
						},
						"0.375": {
							"vector": [52.5, 0, -7.5]
						},
						"0.5417": {
							"vector": [52.5, 0, 2.5]
						},
						"0.7083": {
							"vector": [55, 0, -10]
						},
						"0.8333": {
							"vector": [52.5, 0, 5]
						},
						"0.9583": {
							"vector": [55, 0, -15]
						},
						"1.125": {
							"vector": [52.5, 0, 2.5]
						}
					},
					"position": {
						"vector": [0, 0, 0]
					},
					"scale": {
						"vector": [1, 1, 1]
					}
				},
				"head": {
					"rotation": {
						"0.0": {
							"vector": [0, 0, 0]
						},
						"0.125": {
							"vector": [0, 0, -22.5],
							"easing": "easeInBack"
						},
						"0.25": {
							"vector": [0, 0, 7.5],
							"easing": "easeInBack"
						},
						"0.375": {
							"vector": [0, 0, -25],
							"easing": "easeInBack"
						},
						"0.5417": {
							"vector": [0, 0, 7.5],
							"easing": "easeInBack"
						},
						"0.7083": {
							"vector": [0, 0, -22.5],
							"easing": "easeInBack"
						},
						"0.8333": {
							"vector": [0, 0, 7.5],
							"easing": "easeInBack"
						},
						"0.9583": {
							"vector": [0, 0, -25],
							"easing": "easeInBack"
						},
						"1.125": {
							"vector": [0, 0, 7.5],
							"easing": "easeInBack"
						}
					},
					"position": {
						"vector": [0, 0, 0]
					},
					"scale": {
						"vector": [1, 1, 1]
					}
				},
				"cube_r1": {
					"rotation": {
						"vector": [0, 0, 0]
					},
					"position": {
						"vector": [0, 0, 0]
					},
					"scale": {
						"vector": [1, 1, 1]
					}
				},
				"looky": {
					"rotation": {
						"vector": [0, 0, 0]
					},
					"position": {
						"vector": [0, 0, 0]
					},
					"scale": {
						"vector": [1, 1, 1]
					}
				},
				"hair1": {
					"rotation": {
						"vector": [0, 0, 0]
					},
					"position": {
						"vector": [0, 0, 0]
					},
					"scale": {
						"vector": [1, 1, 1]
					}
				},
				"hair2": {
					"rotation": {
						"vector": [0, 0, 0]
					},
					"position": {
						"vector": [0, 0, 0]
					},
					"scale": {
						"vector": [1, 1, 1]
					}
				},
				"hair3": {
					"rotation": {
						"vector": [0, 0, 0]
					},
					"position": {
						"vector": [0, 0, 0]
					},
					"scale": {
						"vector": [1, 1, 1]
					}
				},
				"leftLeg": {
					"rotation": {
						"vector": [0, 0, 0]
					},
					"position": {
						"vector": [0, 0, 0]
					},
					"scale": {
						"vector": [1, 1, 1]
					}
				},
				"rightLeg": {
					"rotation": {
						"vector": [0, 0, 0]
					},
					"position": {
						"vector": [0, 0, 0]
					},
					"scale": {
						"vector": [1, 1, 1]
					}
				},
				"tumour": {
					"rotation": {
						"vector": [0, 0, 0]
					},
					"position": {
						"vector": [0, 0, 0]
					},
					"scale": {
						"vector": [1, 1, 1]
					}
				},
				"tumour2": {
					"rotation": {
						"vector": [0, 0, 0]
					},
					"position": {
						"vector": [0, 0, 0]
					}
				},
				"tumour3": {
					"rotation": {
						"vector": [0, 0, 0]
					},
					"position": {
						"vector": [0, 0, 0]
					},
					"scale": {
						"vector": [1, 1, 1]
					}
				},
				"leftarm": {
					"rotation": {
						"vector": [-12.5, 0, 0]
					}
				},
				"leftarm2": {
					"rotation": {
						"vector": [-12.5, 0, 0]
					}
				}
			}
		},
		"walk": {
			"loop": true,
			"animation_length": 0.6667,
			"bones": {
				"body": {
					"rotation": {
						"0.0": {
							"vector": [48.45889, -9.55195, 7.81077]
						},
						"0.125": {
							"vector": [18.45889, -9.55195, 7.81077],
							"easing": "linear"
						},
						"0.3333": {
							"vector": [48.19653, 11.16446, -10.37619],
							"easing": "linear"
						},
						"0.4583": {
							"vector": [19.77514, -6.2693, -1.72743],
							"easing": "linear"
						},
						"0.6667": {
							"vector": [48.45889, -9.55195, 7.81077],
							"easing": "easeOutElastic",
							"easingArgs": [1.2]
						}
					},
					"position": {
						"0.0": {
							"vector": [0, 1, -5]
						},
						"0.125": {
							"vector": [0, -3, -2],
							"easing": "easeOutElastic",
							"easingArgs": [1.2]
						},
						"0.3333": {
							"vector": [0, 1, -5],
							"easing": "linear"
						},
						"0.4583": {
							"vector": [0, -3, -2],
							"easing": "easeOutElastic",
							"easingArgs": [1.2]
						},
						"0.6667": {
							"vector": [0, 1, -5]
						}
					},
					"scale": {
						"0.0": {
							"vector": [1, 1, 1]
						},
						"0.125": {
							"vector": [1, 1, 1]
						},
						"0.3333": {
							"vector": [1, 1, 1]
						},
						"0.6667": {
							"vector": [1, 1, 1]
						}
					}
				},
				"head": {
					"rotation": {
						"0.0": {
							"vector": [-90, 0, 0]
						},
						"0.125": {
							"vector": [-40, 0, 0],
							"easing": "easeInOutBounce",
							"easingArgs": [0.1]
						},
						"0.3333": {
							"vector": [-90, 0, 0],
							"easing": "easeInOutBounce",
							"easingArgs": [0.2]
						},
						"0.4583": {
							"vector": [-40, 0, 0]
						},
						"0.6667": {
							"vector": [-90, 0, 0]
						}
					},
					"position": {
						"0.0": {
							"vector": [0, 0, 0]
						},
						"0.125": {
							"vector": [0, -1, 0]
						},
						"0.3333": {
							"vector": [0, 0, 0]
						},
						"0.4583": {
							"vector": [0, -1, 0]
						},
						"0.6667": {
							"vector": [0, 0, 0]
						}
					},
					"scale": {
						"0.0": {
							"vector": [1, 1, 1]
						},
						"0.125": {
							"vector": [1, 1, 1]
						},
						"0.3333": {
							"vector": [1, 1, 1]
						},
						"0.6667": {
							"vector": [1, 1, 1]
						}
					}
				},
				"looky": {
					"rotation": {
						"0.0": {
							"vector": [0, 0, 0]
						},
						"0.3333": {
							"vector": [0, 0, 0]
						},
						"0.6667": {
							"vector": [0, 0, 0]
						}
					},
					"position": {
						"0.0": {
							"vector": [0, 0, 0]
						},
						"0.3333": {
							"vector": [0, 0, 0]
						},
						"0.6667": {
							"vector": [0, 0, 0]
						}
					},
					"scale": {
						"0.0": {
							"vector": [1, 1, 1]
						},
						"0.3333": {
							"vector": [1, 1, 1]
						},
						"0.6667": {
							"vector": [1, 1, 1]
						}
					}
				},
				"hair1": {
					"rotation": {
						"0.0": {
							"vector": [0, -45, 0],
							"easing": "easeOutBack",
							"easingArgs": [1.5]
						},
						"0.125": {
							"vector": [0, 35, 0],
							"easing": "easeInBack",
							"easingArgs": [1.5]
						},
						"0.3333": {
							"vector": [0, -45, 0],
							"easing": "easeOutBack",
							"easingArgs": [1.5]
						},
						"0.4583": {
							"vector": [0, 35, 0],
							"easing": "easeInBack",
							"easingArgs": [1.5]
						},
						"0.6667": {
							"vector": [0, -45, 0],
							"easing": "easeOutBack",
							"easingArgs": [1.5]
						}
					},
					"position": {
						"0.0": {
							"vector": [0, 0, 0]
						},
						"0.3333": {
							"vector": [0, 0, 0]
						},
						"0.6667": {
							"vector": [0, 0, 0]
						}
					},
					"scale": {
						"0.0": {
							"vector": [1, 1, 1]
						},
						"0.3333": {
							"vector": [1, 1, 1]
						},
						"0.6667": {
							"vector": [1, 1, 1]
						}
					}
				},
				"hair2": {
					"rotation": {
						"0.0": {
							"vector": [0, 45, 0],
							"easing": "easeOutBack",
							"easingArgs": [1.5]
						},
						"0.125": {
							"vector": [0, -35, 0],
							"easing": "easeInBack",
							"easingArgs": [1.5]
						},
						"0.3333": {
							"vector": [0, 45, 0],
							"easing": "easeOutBack",
							"easingArgs": [1.5]
						},
						"0.4583": {
							"vector": [0, -35, 0],
							"easing": "easeInBack",
							"easingArgs": [1.5]
						},
						"0.6667": {
							"vector": [0, 45, 0],
							"easing": "easeOutBack",
							"easingArgs": [1.5]
						}
					},
					"position": {
						"0.0": {
							"vector": [0, 0, 0]
						},
						"0.3333": {
							"vector": [0, 0, 0]
						},
						"0.6667": {
							"vector": [0, 0, 0]
						}
					},
					"scale": {
						"0.0": {
							"vector": [1, 1, 1]
						},
						"0.3333": {
							"vector": [1, 1, 1]
						},
						"0.6667": {
							"vector": [1, 1, 1]
						}
					}
				},
				"leftLeg": {
					"rotation": {
						"0.0": {
							"vector": [42.5, 0, 0]
						},
						"0.125": {
							"vector": [85, 0, 0],
							"easing": "easeInBack",
							"easingArgs": [1.2]
						},
						"0.3333": {
							"vector": [-55.48138, -2.10214, -0.4981],
							"easing": "easeInElastic",
							"easingArgs": [1.2]
						},
						"0.4583": {
							"vector": [-12.98138, -2.10214, -0.4981],
							"easing": "easeOutElastic"
						},
						"0.6667": {
							"vector": [42.5, 0, 0],
							"easing": "easeOutBack",
							"easingArgs": [1.2]
						}
					},
					"position": {
						"0.0": {
							"vector": [0, 2, -6]
						},
						"0.125": {
							"vector": [0, -2, -1]
						},
						"0.3333": {
							"vector": [0, 1, -5]
						},
						"0.4583": {
							"vector": [0, -1, -5]
						},
						"0.6667": {
							"vector": [0, 2, -6]
						}
					},
					"scale": {
						"0.0": {
							"vector": [1, 1, 1]
						},
						"0.3333": {
							"vector": [1, 1, 1]
						},
						"0.6667": {
							"vector": [1, 1, 1]
						}
					}
				},
				"rightLeg": {
					"rotation": {
						"0.0": {
							"vector": [-55.48138, -2.10214, -0.4981]
						},
						"0.125": {
							"vector": [-12.98138, -2.10214, -0.4981],
							"easing": "easeOutElastic"
						},
						"0.3333": {
							"vector": [42.5, 0, 0],
							"easing": "easeOutElastic"
						},
						"0.4583": {
							"vector": [85, 0, 0],
							"easing": "easeInBack",
							"easingArgs": [1.2]
						},
						"0.6667": {
							"vector": [-55.48138, -2.10214, -0.4981],
							"easing": "easeOutElastic"
						}
					},
					"position": {
						"0.0": {
							"vector": [0, 1, -5]
						},
						"0.125": {
							"vector": [0, -1, -5]
						},
						"0.3333": {
							"vector": [0, 2, -6]
						},
						"0.4583": {
							"vector": [0, -2, -1]
						},
						"0.6667": {
							"vector": [0, 1, -5]
						}
					},
					"scale": {
						"0.0": {
							"vector": [1, 1, 1]
						},
						"0.3333": {
							"vector": [1, 1, 1]
						},
						"0.6667": {
							"vector": [1, 1, 1]
						}
					}
				},
				"hair3": {
					"rotation": {
						"0.0": {
							"vector": [-45, 0, 0],
							"easing": "easeOutBack",
							"easingArgs": [1.5]
						},
						"0.125": {
							"vector": [35, 0, 0],
							"easing": "easeOutBack",
							"easingArgs": [1.5]
						},
						"0.3333": {
							"vector": [-45, 0, 0],
							"easing": "easeOutBack",
							"easingArgs": [1.5]
						},
						"0.4583": {
							"vector": [35, 0, 0],
							"easing": "easeOutBack",
							"easingArgs": [1.5]
						},
						"0.6667": {
							"vector": [-45, 0, 0],
							"easing": "easeOutBack",
							"easingArgs": [1.5]
						}
					},
					"position": {
						"0.0": {
							"vector": [0, 0, 0]
						},
						"0.3333": {
							"vector": [0, 0, 0]
						},
						"0.6667": {
							"vector": [0, 0, 0]
						}
					},
					"scale": {
						"0.0": {
							"vector": [1, 1, 1]
						},
						"0.3333": {
							"vector": [1, 1, 1]
						},
						"0.6667": {
							"vector": [1, 1, 1]
						}
					}
				},
				"cube_r1": {
					"rotation": {
						"0.0": {
							"vector": [0, 0, 0]
						},
						"0.3333": {
							"vector": [0, 0, 0]
						},
						"0.6667": {
							"vector": [0, 0, 0]
						}
					},
					"position": {
						"0.0": {
							"vector": [0, 0, 0]
						},
						"0.3333": {
							"vector": [0, 0, 0]
						},
						"0.6667": {
							"vector": [0, 0, 0]
						}
					},
					"scale": {
						"0.0": {
							"vector": [1, 1, 1]
						},
						"0.3333": {
							"vector": [1, 1, 1]
						},
						"0.6667": {
							"vector": [1, 1, 1]
						}
					}
				},
				"leftarm": {
					"rotation": {
						"0.0": {
							"vector": [5, 0, -10]
						},
						"0.3333": {
							"vector": [2.36929, 9.99162, -9.58869]
						},
						"0.4583": {
							"vector": [2.36929, 9.99162, -9.58869]
						},
						"0.6667": {
							"vector": [5, 0, -10]
						}
					},
					"position": {
						"0.0": {
							"vector": [0.49783, -2.21431, 1.96189]
						},
						"0.125": {
							"vector": [0.00402, -0.29261, 0.42492]
						},
						"0.3333": {
							"vector": [0.1767, 0.33968, 1.17649]
						},
						"0.4583": {
							"vector": [0.12007, -1.54343, 0.50984]
						},
						"0.6667": {
							"vector": [-0.13402, 0.64013, 0.75649]
						}
					}
				},
				"leftarm2": {
					"rotation": {
						"0.0": {
							"vector": [22.5, 0, 10]
						},
						"0.3333": {
							"vector": [10.99741, 17.19775, 13.28852]
						},
						"0.4583": {
							"vector": [10.99741, 17.19775, 13.28852]
						},
						"0.6667": {
							"vector": [22.5, 0, 10]
						}
					},
					"position": {
						"0.0": {
							"vector": [-0.13402, 0.64013, 0.75649]
						},
						"0.125": {
							"vector": [0.00402, -0.29261, 0.42492]
						},
						"0.3333": {
							"vector": [-0.79143, -3.31696, 4.44631]
						},
						"0.4583": {
							"vector": [0.1767, 0.33968, 1.17649]
						},
						"0.6667": {
							"vector": [-0.13402, 0.64013, 0.75649]
						}
					}
				},
				"bone": {
					"rotation": {
						"0.0": {
							"vector": [-2.5, 0, 0]
						},
						"0.6667": {
							"vector": [0, 0, 0],
							"easing": "easeInOutBounce",
							"easingArgs": [1.2]
						}
					}
				},
				"bone2": {
					"rotation": {
						"0.0": {
							"vector": [2.5, 0, 0]
						},
						"0.6667": {
							"vector": [5, 0, 0],
							"easing": "easeInOutBounce",
							"easingArgs": [1.2]
						}
					}
				}
			}
		},
		"run": {
			"loop": true,
			"animation_length": 0.6667,
			"bones": {
				"body": {
					"rotation": {
						"0.0": {
							"vector": [48.45889, -9.55195, 7.81077]
						},
						"0.125": {
							"vector": [18.45889, -9.55195, 7.81077],
							"easing": "linear"
						},
						"0.3333": {
							"vector": [48.19653, 11.16446, -10.37619],
							"easing": "linear"
						},
						"0.4583": {
							"vector": [19.77514, -6.2693, -1.72743],
							"easing": "linear"
						},
						"0.6667": {
							"vector": [48.45889, -9.55195, 7.81077],
							"easing": "easeOutElastic",
							"easingArgs": [1.2]
						}
					},
					"position": {
						"0.0": {
							"vector": [0, 1, -5]
						},
						"0.125": {
							"vector": [0, -3, -2],
							"easing": "easeOutElastic",
							"easingArgs": [1.2]
						},
						"0.3333": {
							"vector": [0, 1, -5],
							"easing": "linear"
						},
						"0.4583": {
							"vector": [0, -3, -2],
							"easing": "easeOutElastic",
							"easingArgs": [1.2]
						},
						"0.6667": {
							"vector": [0, 1, -5]
						}
					},
					"scale": {
						"0.0": {
							"vector": [1, 1, 1]
						},
						"0.125": {
							"vector": [1, 1, 1]
						},
						"0.3333": {
							"vector": [1, 1, 1]
						},
						"0.6667": {
							"vector": [1, 1, 1]
						}
					}
				},
				"head": {
					"rotation": {
						"0.0": {
							"vector": [-90, 0, 0]
						},
						"0.125": {
							"vector": [-40, 0, 0],
							"easing": "easeInOutBounce",
							"easingArgs": [0.1]
						},
						"0.3333": {
							"vector": [-90, 0, 0],
							"easing": "easeInOutBounce",
							"easingArgs": [0.2]
						},
						"0.4583": {
							"vector": [-40, 0, 0]
						},
						"0.6667": {
							"vector": [-90, 0, 0]
						}
					},
					"position": {
						"0.0": {
							"vector": [0, 0, 0]
						},
						"0.125": {
							"vector": [0, -1, 0]
						},
						"0.3333": {
							"vector": [0, 0, 0]
						},
						"0.4583": {
							"vector": [0, -1, 0]
						},
						"0.6667": {
							"vector": [0, 0, 0]
						}
					},
					"scale": {
						"0.0": {
							"vector": [1, 1, 1]
						},
						"0.125": {
							"vector": [1, 1, 1]
						},
						"0.3333": {
							"vector": [1, 1, 1]
						},
						"0.6667": {
							"vector": [1, 1, 1]
						}
					}
				},
				"looky": {
					"rotation": {
						"0.0": {
							"vector": [0, 0, 0]
						},
						"0.3333": {
							"vector": [0, 0, 0]
						},
						"0.6667": {
							"vector": [0, 0, 0]
						}
					},
					"position": {
						"0.0": {
							"vector": [0, 0, 0]
						},
						"0.3333": {
							"vector": [0, 0, 0]
						},
						"0.6667": {
							"vector": [0, 0, 0]
						}
					},
					"scale": {
						"0.0": {
							"vector": [1, 1, 1]
						},
						"0.3333": {
							"vector": [1, 1, 1]
						},
						"0.6667": {
							"vector": [1, 1, 1]
						}
					}
				},
				"hair1": {
					"rotation": {
						"0.0": {
							"vector": [0, -45, 0],
							"easing": "easeOutBack",
							"easingArgs": [1.5]
						},
						"0.125": {
							"vector": [0, 35, 0],
							"easing": "easeInBack",
							"easingArgs": [1.5]
						},
						"0.3333": {
							"vector": [0, -45, 0],
							"easing": "easeOutBack",
							"easingArgs": [1.5]
						},
						"0.4583": {
							"vector": [0, 35, 0],
							"easing": "easeInBack",
							"easingArgs": [1.5]
						},
						"0.6667": {
							"vector": [0, -45, 0],
							"easing": "easeOutBack",
							"easingArgs": [1.5]
						}
					},
					"position": {
						"0.0": {
							"vector": [0, 0, 0]
						},
						"0.3333": {
							"vector": [0, 0, 0]
						},
						"0.6667": {
							"vector": [0, 0, 0]
						}
					},
					"scale": {
						"0.0": {
							"vector": [1, 1, 1]
						},
						"0.3333": {
							"vector": [1, 1, 1]
						},
						"0.6667": {
							"vector": [1, 1, 1]
						}
					}
				},
				"hair2": {
					"rotation": {
						"0.0": {
							"vector": [0, 45, 0],
							"easing": "easeOutBack",
							"easingArgs": [1.5]
						},
						"0.125": {
							"vector": [0, -35, 0],
							"easing": "easeInBack",
							"easingArgs": [1.5]
						},
						"0.3333": {
							"vector": [0, 45, 0],
							"easing": "easeOutBack",
							"easingArgs": [1.5]
						},
						"0.4583": {
							"vector": [0, -35, 0],
							"easing": "easeInBack",
							"easingArgs": [1.5]
						},
						"0.6667": {
							"vector": [0, 45, 0],
							"easing": "easeOutBack",
							"easingArgs": [1.5]
						}
					},
					"position": {
						"0.0": {
							"vector": [0, 0, 0]
						},
						"0.3333": {
							"vector": [0, 0, 0]
						},
						"0.6667": {
							"vector": [0, 0, 0]
						}
					},
					"scale": {
						"0.0": {
							"vector": [1, 1, 1]
						},
						"0.3333": {
							"vector": [1, 1, 1]
						},
						"0.6667": {
							"vector": [1, 1, 1]
						}
					}
				},
				"leftLeg": {
					"rotation": {
						"0.0": {
							"vector": [42.5, 0, 0]
						},
						"0.125": {
							"vector": [85, 0, 0],
							"easing": "easeInBack",
							"easingArgs": [1.2]
						},
						"0.3333": {
							"vector": [-55.48138, -2.10214, -0.4981],
							"easing": "easeInElastic",
							"easingArgs": [1.2]
						},
						"0.4583": {
							"vector": [-12.98138, -2.10214, -0.4981],
							"easing": "easeOutElastic"
						},
						"0.6667": {
							"vector": [42.5, 0, 0],
							"easing": "easeOutBack",
							"easingArgs": [1.2]
						}
					},
					"position": {
						"0.0": {
							"vector": [0, 2, -6]
						},
						"0.125": {
							"vector": [0, -2, -1]
						},
						"0.3333": {
							"vector": [0, 1, -5]
						},
						"0.4583": {
							"vector": [0, -1, -5]
						},
						"0.6667": {
							"vector": [0, 2, -6]
						}
					},
					"scale": {
						"0.0": {
							"vector": [1, 1, 1]
						},
						"0.3333": {
							"vector": [1, 1, 1]
						},
						"0.6667": {
							"vector": [1, 1, 1]
						}
					}
				},
				"rightLeg": {
					"rotation": {
						"0.0": {
							"vector": [-55.48138, -2.10214, -0.4981]
						},
						"0.125": {
							"vector": [-12.98138, -2.10214, -0.4981],
							"easing": "easeOutElastic"
						},
						"0.3333": {
							"vector": [42.5, 0, 0],
							"easing": "easeOutElastic"
						},
						"0.4583": {
							"vector": [85, 0, 0],
							"easing": "easeInBack",
							"easingArgs": [1.2]
						},
						"0.6667": {
							"vector": [-55.48138, -2.10214, -0.4981],
							"easing": "easeOutElastic"
						}
					},
					"position": {
						"0.0": {
							"vector": [0, 1, -5]
						},
						"0.125": {
							"vector": [0, -1, -5]
						},
						"0.3333": {
							"vector": [0, 2, -6]
						},
						"0.4583": {
							"vector": [0, -2, -1]
						},
						"0.6667": {
							"vector": [0, 1, -5]
						}
					},
					"scale": {
						"0.0": {
							"vector": [1, 1, 1]
						},
						"0.3333": {
							"vector": [1, 1, 1]
						},
						"0.6667": {
							"vector": [1, 1, 1]
						}
					}
				},
				"hair3": {
					"rotation": {
						"0.0": {
							"vector": [-45, 0, 0],
							"easing": "easeOutBack",
							"easingArgs": [1.5]
						},
						"0.125": {
							"vector": [35, 0, 0],
							"easing": "easeOutBack",
							"easingArgs": [1.5]
						},
						"0.3333": {
							"vector": [-45, 0, 0],
							"easing": "easeOutBack",
							"easingArgs": [1.5]
						},
						"0.4583": {
							"vector": [35, 0, 0],
							"easing": "easeOutBack",
							"easingArgs": [1.5]
						},
						"0.6667": {
							"vector": [-45, 0, 0],
							"easing": "easeOutBack",
							"easingArgs": [1.5]
						}
					},
					"position": {
						"0.0": {
							"vector": [0, 0, 0]
						},
						"0.3333": {
							"vector": [0, 0, 0]
						},
						"0.6667": {
							"vector": [0, 0, 0]
						}
					},
					"scale": {
						"0.0": {
							"vector": [1, 1, 1]
						},
						"0.3333": {
							"vector": [1, 1, 1]
						},
						"0.6667": {
							"vector": [1, 1, 1]
						}
					}
				},
				"cube_r1": {
					"rotation": {
						"0.0": {
							"vector": [0, 0, 0]
						},
						"0.3333": {
							"vector": [0, 0, 0]
						},
						"0.6667": {
							"vector": [0, 0, 0]
						}
					},
					"position": {
						"0.0": {
							"vector": [0, 0, 0]
						},
						"0.3333": {
							"vector": [0, 0, 0]
						},
						"0.6667": {
							"vector": [0, 0, 0]
						}
					},
					"scale": {
						"0.0": {
							"vector": [1, 1, 1]
						},
						"0.3333": {
							"vector": [1, 1, 1]
						},
						"0.6667": {
							"vector": [1, 1, 1]
						}
					}
				},
				"leftarm": {
					"rotation": {
						"0.0": {
							"vector": [5, 0, -10]
						},
						"0.3333": {
							"vector": [2.36929, 9.99162, -9.58869]
						},
						"0.4583": {
							"vector": [2.36929, 9.99162, -9.58869]
						},
						"0.6667": {
							"vector": [5, 0, -10]
						}
					},
					"position": {
						"0.0": {
							"vector": [0.49783, -2.21431, 1.96189]
						},
						"0.125": {
							"vector": [0.00402, -0.29261, 0.42492]
						},
						"0.3333": {
							"vector": [0.1767, 0.33968, 1.17649]
						},
						"0.4583": {
							"vector": [0.12007, -1.54343, 0.50984]
						},
						"0.6667": {
							"vector": [-0.13402, 0.64013, 0.75649]
						}
					}
				},
				"leftarm2": {
					"rotation": {
						"0.0": {
							"vector": [22.5, 0, 10]
						},
						"0.3333": {
							"vector": [10.99741, 17.19775, 13.28852]
						},
						"0.4583": {
							"vector": [10.99741, 17.19775, 13.28852]
						},
						"0.6667": {
							"vector": [22.5, 0, 10]
						}
					},
					"position": {
						"0.0": {
							"vector": [-0.13402, 0.64013, 0.75649]
						},
						"0.125": {
							"vector": [0.00402, -0.29261, 0.42492]
						},
						"0.3333": {
							"vector": [-0.79143, -3.31696, 4.44631]
						},
						"0.4583": {
							"vector": [0.1767, 0.33968, 1.17649]
						},
						"0.6667": {
							"vector": [-0.13402, 0.64013, 0.75649]
						}
					}
				},
				"bone": {
					"rotation": {
						"0.0": {
							"vector": [-2.5, 0, 0]
						},
						"0.6667": {
							"vector": [0, 0, 0],
							"easing": "easeInOutBounce",
							"easingArgs": [1.2]
						}
					}
				},
				"bone2": {
					"rotation": {
						"0.0": {
							"vector": [2.5, 0, 0]
						},
						"0.6667": {
							"vector": [5, 0, 0],
							"easing": "easeInOutBounce",
							"easingArgs": [1.2]
						}
					}
				}
			}
		}
	},
	"geckolib_format_version": 2
}