{
	"format_version": "1.8.0",
	"animations": {
		"swim": {
			"loop": true,
			"animation_length": 0.33333,
			"bones": {
				"body": {
					"rotation": {
						"0.0": {
							"vector": [-15, 0, 0]
						},
						"0.0833": {
							"vector": [12.5, 0, 0]
						},
						"0.125": {
							"vector": [10.40697, 0.45187, -2.45885]
						},
						"0.25": {
							"vector": [9.1667, -0.00084, 1.50986]
						},
						"0.2917": {
							"vector": [-0.41665, -0.00042, 0.75493]
						},
						"0.3333": {
							"vector": [-15, 0, 0]
						}
					},
					"position": {
						"0.0": {
							"vector": [0, 0, 0]
						},
						"0.125": {
							"vector": [0, -0.75, 1]
						},
						"0.1667": {
							"vector": [0, -1, 0]
						},
						"0.3333": {
							"vector": [0, 0, 0]
						}
					},
					"scale": {
						"0.0": {
							"vector": [1, 1, 1]
						},
						"0.3333": {
							"vector": [1, 1, 1]
						}
					}
				},
				"head": {
					"rotation": {
						"0.0": {
							"vector": [5, 0, 0]
						},
						"0.0833": {
							"vector": [-12.5, 0, 0]
						},
						"0.125": {
							"vector": [-17.5, 0, 0]
						},
						"0.25": {
							"vector": [-22.5, 0, 0]
						},
						"0.2917": {
							"vector": [-15, 0, 0]
						},
						"0.3333": {
							"vector": [5, 0, 0]
						}
					}
				},
				"leftLeg": {
					"rotation": {
						"0.0": {
							"vector": [20, 0, 0]
						},
						"0.1667": {
							"vector": [-60, 0, 0]
						},
						"0.25": {
							"vector": [12.5, 0, 0]
						},
						"0.3333": {
							"vector": [20, 0, 0]
						}
					},
					"position": {
						"0.0": {
							"vector": [0, -1, 0]
						},
						"0.1667": {
							"vector": [0, -1, 0]
						},
						"0.3333": {
							"vector": [0, -1, 0]
						}
					},
					"scale": {
						"0.0": {
							"vector": [1, 1, 1]
						},
						"0.3333": {
							"vector": [1, 1, 1]
						}
					}
				},
				"rightLeg": {
					"rotation": {
						"0.0": {
							"vector": [-50, 0, 0]
						},
						"0.0833": {
							"vector": [12.5, 0, 0]
						},
						"0.1667": {
							"vector": [20, 0, 0]
						},
						"0.3333": {
							"vector": [-60, 0, 0]
						}
					},
					"position": {
						"0.0": {
							"vector": [0, -1, 0]
						},
						"0.0833": {
							"vector": [0, 0, 0]
						},
						"0.1667": {
							"vector": [0, -1, 0]
						},
						"0.3333": {
							"vector": [0, -1, 0]
						}
					},
					"scale": {
						"0.0": {
							"vector": [1, 1, 1]
						},
						"0.3333": {
							"vector": [1, 1, 1]
						}
					}
				}
			}
		},
		"idle": {
			"loop": true,
			"animation_length": 5.04167,
			"bones": {
				"body": {
					"rotation": {
						"0.0": {
							"vector": [0, 0, 0]
						},
						"3.5": {
							"vector": [-5, 0, 0]
						},
						"4.5": {
							"vector": [0, 0, 0]
						},
						"4.7083": {
							"vector": [0, 0, 0]
						}
					},
					"position": {
						"0.0": {
							"vector": [0, -6, 0]
						},
						"4.5": {
							"vector": [0, -6, 0]
						},
						"4.7083": {
							"vector": [0, -6, 0]
						}
					},
					"scale": {
						"0.0": {
							"vector": [1, 1, 1]
						},
						"3.5": {
							"vector": [1, 1.2, 1.2]
						},
						"4.5": {
							"vector": [1, 1, 1]
						}
					}
				},
				"head": {
					"rotation": {
						"0.0": {
							"vector": [25, 0, 0]
						},
						"3.5": {
							"vector": [-42.5, 0, 0]
						},
						"4.5": {
							"vector": [25, 0, 0],
							"easing": "easeInOutElastic"
						},
						"4.7083": {
							"vector": [25, 0, 0]
						}
					}
				},
				"leftLeg": {
					"rotation": {
						"0.0": {
							"vector": [0, 0, -7.5]
						},
						"4.5": {
							"vector": [5, 0, -7.5],
							"easing": "easeInBounce"
						},
						"4.7083": {
							"vector": [0, 0, -7.5]
						}
					},
					"position": {
						"0.0": {
							"vector": [0, 0, -3]
						},
						"4.7083": {
							"vector": [0, 0, -3]
						}
					}
				},
				"rightLeg": {
					"rotation": {
						"0.0": {
							"vector": [20, 0, 0]
						},
						"4.7083": {
							"vector": [20, 0, 0]
						}
					},
					"position": {
						"0.0": {
							"vector": [0, -2, 2]
						},
						"4.7083": {
							"vector": [0, -2, 2]
						}
					}
				}
			}
		},
		"attack": {
			"animation_length": 0.375,
			"bones": {
				"body": {
					"rotation": {
						"0.0": [0, 0, 0],
						"0.1667": [47.5, 0, 0],
						"0.3333": [0, 0, 0]
					},
					"position": {
						"0.0": [0, 0, 0],
						"0.3333": [0, 0, 0]
					},
					"scale": {
						"0.0": [1, 1, 1],
						"0.3333": [1, 1, 1]
					}
				},
				"head": {
					"rotation": {
						"0.0": [0, 0, 0],
						"0.1667": [-45, 0, 0],
						"0.3333": [0, 0, 0]
					},
					"position": {
						"0.0": [0, 0, 0],
						"0.3333": [0, 0, 0]
					},
					"scale": {
						"0.0": [1, 1, 1],
						"0.3333": [1, 1, 1]
					}
				},
				"leftLeg": {
					"rotation": {
						"0.0": [0, 0, 0],
						"0.3333": [0, 0, 0]
					},
					"position": {
						"0.0": [0, 0, 0],
						"0.3333": [0, 0, 0]
					},
					"scale": {
						"0.0": [1, 1, 1],
						"0.3333": [1, 1, 1]
					}
				},
				"rightLeg": {
					"rotation": {
						"0.0": [0, 0, 0],
						"0.3333": [0, 0, 0]
					},
					"position": {
						"0.0": [0, 0, 0],
						"0.3333": [0, 0, 0]
					},
					"scale": {
						"0.0": [1, 1, 1],
						"0.3333": [1, 1, 1]
					}
				}
			}
		},
		"death": {
			"loop": "hold_on_last_frame",
			"animation_length": 1,
			"bones": {
				"body": {
					"rotation": {
						"0.0": {
							"vector": [0, 0, 0]
						},
						"0.25": {
							"vector": [-25, 0, 0]
						}
					},
					"position": {
						"vector": [0, 0, 0]
					},
					"scale": {
						"vector": [1, 1, 1]
					}
				},
				"head": {
					"rotation": {
						"0.0": {
							"vector": [0, 0, 0]
						},
						"0.25": {
							"vector": [-40, 0, 0]
						},
						"0.4167": {
							"vector": [-40, 0, 0],
							"easing": "easeInElastic"
						}
					},
					"position": {
						"0.0": {
							"vector": [0, 0, 0]
						},
						"0.4167": {
							"vector": [0, -18, 12],
							"easing": "easeInElastic"
						}
					},
					"scale": {
						"vector": [1, 1, 1]
					}
				},
				"neck": {
					"rotation": {
						"vector": [0, 0, 0]
					},
					"position": {
						"vector": [0, 0, 0]
					},
					"scale": {
						"vector": [1, 1, 1]
					}
				},
				"leftLeg": {
					"rotation": {
						"vector": [0, 0, 0]
					},
					"position": {
						"vector": [0, 0, 0]
					},
					"scale": {
						"vector": [1, 1, 1]
					}
				},
				"rightLeg": {
					"rotation": {
						"vector": [0, 0, 0]
					},
					"position": {
						"vector": [0, 0, 0]
					},
					"scale": {
						"vector": [1, 1, 1]
					}
				}
			}
		},
		"sneak": {
			"loop": true,
			"bones": {
				"body": {
					"position": {
						"vector": [0, -24, 0]
					}
				},
				"leftLeg": {
					"position": {
						"vector": [0, -24, 0]
					}
				},
				"rightLeg": {
					"position": {
						"vector": [0, -24, 0]
					}
				}
			}
		},
		"walk": {
			"loop": true,
			"animation_length": 0.66667,
			"override_previous_animation": true,
			"bones": {
				"body": {
					"rotation": {
						"0.0": {
							"vector": [5, 0, 15]
						},
						"0.1667": {
							"vector": [11.775, 0, 15],
							"easing": "easeOutElastic"
						},
						"0.3333": {
							"vector": [4.69986, 1.70818, -4.9299]
						},
						"0.5": {
							"vector": [11.24423, 3.51815, -2.15356],
							"easing": "easeOutElastic"
						},
						"0.6667": {
							"vector": [5, 0, 15]
						}
					},
					"position": {
						"0.0": {
							"vector": [0, 1, 0]
						},
						"0.1667": {
							"vector": [0, -1, 0],
							"easing": "easeOutElastic",
							"easingArgs": [2]
						},
						"0.3333": {
							"vector": [0, 0, 0]
						},
						"0.5": {
							"vector": [0, -2, 0],
							"easing": "easeOutElastic",
							"easingArgs": [2]
						},
						"0.6667": {
							"vector": [0, 1, 0]
						}
					},
					"scale": {
						"0.0": {
							"vector": [1, 1, 1]
						},
						"0.1667": {
							"vector": [1, 1, 1]
						},
						"0.3333": {
							"vector": [1, 1, 1]
						},
						"0.5": {
							"vector": [1, 1, 1]
						},
						"0.6667": {
							"vector": [1, 1, 1]
						}
					}
				},
				"head": {
					"rotation": {
						"0.0": {
							"vector": [0, 0, 0]
						},
						"0.1667": {
							"vector": [25.86751, -12.95228, -7.63118],
							"easing": "easeOutElastic"
						},
						"0.3333": {
							"vector": [0, 0, 0]
						},
						"0.5": {
							"vector": [25.38127, 8.649, 5.03866],
							"easing": "easeOutElastic"
						},
						"0.6667": {
							"vector": [0, 0, 0]
						}
					},
					"position": {
						"0.0": {
							"vector": [0, 0, 0]
						},
						"0.3333": {
							"vector": [0, 0, 0]
						},
						"0.6667": {
							"vector": [0, 0, 0]
						}
					},
					"scale": {
						"0.0": {
							"vector": [1, 1, 1]
						},
						"0.3333": {
							"vector": [1, 1, 1],
							"easing": "easeInBack",
							"easingArgs": [1.2]
						},
						"0.6667": {
							"vector": [1, 1, 1]
						}
					}
				},
				"leftLeg": {
					"rotation": {
						"0.0": {
							"vector": [70, 0, 0]
						},
						"0.1667": {
							"vector": [52.5, 0, 0]
						},
						"0.3333": {
							"vector": [-77.45376, 4.88119, 1.08482]
						},
						"0.5": {
							"vector": [-20, 0, 0]
						},
						"0.6667": {
							"vector": [70, 0, 0],
							"easing": "easeInSine"
						}
					},
					"position": {
						"0.0": {
							"vector": [0, 0, 0]
						},
						"0.1667": {
							"vector": [0, -1, 0]
						},
						"0.3333": {
							"vector": [0, -1, 0]
						},
						"0.5": {
							"vector": [0, -2, -1],
							"easing": "easeOutBack"
						},
						"0.6667": {
							"vector": [0, 0, 0]
						}
					},
					"scale": {
						"0.0": {
							"vector": [1, 1, 1]
						},
						"0.1667": {
							"vector": [1, 1, 1]
						},
						"0.5": {
							"vector": [1, 1, 1]
						},
						"0.6667": {
							"vector": [1, 1, 1]
						}
					}
				},
				"rightLeg": {
					"rotation": {
						"0.0": {
							"vector": [-70, 0, 0]
						},
						"0.1667": {
							"vector": [-22.5, 0, 0]
						},
						"0.3333": {
							"vector": [72.5, 0, 0],
							"easing": "easeInSine"
						},
						"0.5": {
							"vector": [52.5, 0, 0],
							"easing": "easeInSine"
						},
						"0.6667": {
							"vector": [-70, 0, 0],
							"easing": "easeInSine"
						}
					},
					"position": {
						"0.0": {
							"vector": [0, 0, 0]
						},
						"0.1667": {
							"vector": [0, -2, -1]
						},
						"0.3333": {
							"vector": [0, 0, 0]
						},
						"0.5": {
							"vector": [0, -1, -1]
						},
						"0.6667": {
							"vector": [0, 0, 0]
						}
					},
					"scale": {
						"0.0": {
							"vector": [1, 1, 1]
						},
						"0.1667": {
							"vector": [1, 1, 1]
						},
						"0.3333": {
							"vector": [1, 1, 1]
						},
						"0.5": {
							"vector": [1, 1, 1]
						},
						"0.6667": {
							"vector": [1, 1, 1]
						}
					}
				}
			}
		}
	},
	"geckolib_format_version": 2
}