{
	"format_version": "1.8.0",
	"animations": {
		"bite": {
			"animation_length": 0.375,
			"bones": {
				"main": {
					"rotation": {
						"0.0": {
							"vector": [17.5, 0, 0]
						},
						"0.375": {
							"vector": [17.5, 0, 0]
						}
					},
					"position": {
						"0.0": {
							"vector": [0, 0, 0]
						},
						"0.0833": {
							"vector": [0, 0, -4]
						},
						"0.375": {
							"vector": [0, 0, 0]
						}
					}
				},
				"head": {
					"rotation": {
						"0.0": {
							"vector": [0, 0, 0]
						},
						"0.0417": {
							"vector": [0, 0, 0]
						},
						"0.0833": {
							"vector": [-15, 0, 0],
							"easing": "easeOutCirc"
						},
						"0.2083": {
							"vector": [-15, 0, 0],
							"easing": "easeOutCirc"
						},
						"0.2917": {
							"vector": [-32.5, 0, 0],
							"easing": "easeInElastic"
						},
						"0.375": {
							"vector": [0, 0, 0]
						}
					},
					"position": {
						"0.0": {
							"vector": [0, 0, 0]
						},
						"0.0417": {
							"vector": [0, 0, 0]
						},
						"0.0833": {
							"vector": [0, 0, 16],
							"easing": "easeOutCirc"
						},
						"0.2083": {
							"vector": [0, 1, 18],
							"easing": "easeOutCirc"
						},
						"0.2917": {
							"vector": [0, 0, 0],
							"easing": "easeInElastic"
						},
						"0.375": {
							"vector": [0, 0, 0]
						}
					},
					"scale": {
						"0.0": {
							"vector": [1, 1, 1]
						},
						"0.25": {
							"vector": [1, 1, 1]
						},
						"0.2917": {
							"vector": [1.3, 1.2, 1]
						},
						"0.3333": {
							"vector": [1, 1, 1]
						}
					}
				},
				"wing1": {
					"rotation": {
						"0.0": {
							"vector": [39.3122, -62.9976, -37.21794],
							"easing": "easeOutCirc"
						},
						"0.0833": {
							"vector": [42.59933, 61.17329, 33.10149],
							"easing": "easeInCirc"
						},
						"0.2083": {
							"vector": [42.59933, 61.17329, 33.10149],
							"easing": "easeInCirc"
						},
						"0.2917": {
							"vector": [39.3122, -62.9976, -37.21794],
							"easing": "linear"
						},
						"0.375": {
							"vector": [39.3122, -62.9976, -37.21794],
							"easing": "easeOutCirc"
						}
					},
					"position": {
						"0.0": {
							"vector": [-1, 0, 2]
						},
						"0.0833": {
							"vector": [0, 0, 2]
						},
						"0.2083": {
							"vector": [0, 0, 2]
						},
						"0.2917": {
							"vector": [-1, 0, 2]
						},
						"0.375": {
							"vector": [-1, 0, 2]
						}
					}
				},
				"wing2": {
					"rotation": {
						"0.0": {
							"vector": [14.61822, 66.41472, 10.6942],
							"easing": "easeOutCirc"
						},
						"0.0833": {
							"vector": [40.46668, -70.10487, -30.95882],
							"easing": "easeInCirc"
						},
						"0.2083": {
							"vector": [40.46668, -70.10487, -30.95882],
							"easing": "easeInCirc"
						},
						"0.2917": {
							"vector": [14.61822, 66.41472, 10.6942],
							"easing": "linear"
						},
						"0.375": {
							"vector": [14.61822, 66.41472, 10.6942],
							"easing": "easeOutCirc"
						}
					},
					"position": {
						"0.0": {
							"vector": [1, 0, 2]
						},
						"0.0833": {
							"vector": [0, 0, 2]
						},
						"0.2083": {
							"vector": [0, 0, 2]
						},
						"0.2917": {
							"vector": [1, 0, 2]
						},
						"0.375": {
							"vector": [1, 0, 2]
						}
					}
				},
				"tongue": {
					"rotation": {
						"0.0": {
							"vector": [0, 0, 0]
						},
						"0.0833": {
							"vector": [-37.5, 0, 0]
						}
					},
					"position": {
						"vector": [0, 0, 0]
					},
					"scale": {
						"0.0": {
							"vector": [1, 1, 1]
						},
						"0.0833": {
							"vector": [1, 1, -0.1]
						},
						"0.2083": {
							"vector": [1, 1, -0.1]
						},
						"0.25": {
							"vector": [1, 1, 4.6],
							"easing": "easeInElastic"
						},
						"0.3333": {
							"vector": [1, 1, -0.1],
							"easing": "easeInBounce"
						},
						"0.375": {
							"vector": [1, 1, 1]
						}
					}
				}
			}
		},
		"flying": {
			"loop": true,
			"animation_length": 0.4167,
			"bones": {
				"main": {
					"rotation": {
						"vector": [27.5, 0, 0]
					},
					"position": {
						"0.0": {
							"vector": [0, -1, -2]
						},
						"0.25": {
							"vector": [0, 3, 1]
						},
						"0.3333": {
							"vector": [0, 0, 1]
						},
						"0.4167": {
							"vector": [0, -1, 0]
						}
					}
				},
				"head": {
					"position": {
						"0.0": {
							"vector": [0, 0, 2]
						},
						"0.25": {
							"vector": [0, 0, 0]
						}
					}
				},
				"wing1": {
					"rotation": {
						"0.0": {
							"vector": [78.71727, -20.07198, 63.01011]
						},
						"0.25": {
							"vector": [32.46186, 3.88031, -69.24542],
							"easing": "easeOutCirc"
						},
						"0.4167": {
							"vector": [78.71727, -20.07198, 63.01011]
						}
					},
					"position": {
						"0.0": {
							"vector": [0, 0, 0]
						},
						"0.25": {
							"vector": [-1, 0, 2]
						},
						"0.4167": {
							"vector": [0, 0, 0]
						}
					}
				},
				"wing2": {
					"rotation": {
						"0.0": {
							"vector": [80.49491, 24.42772, -65.12248]
						},
						"0.25": {
							"vector": [34.79786, 4.21895, 72.8799],
							"easing": "easeOutCirc"
						},
						"0.4167": {
							"vector": [80.49491, 24.42772, -65.12248]
						}
					},
					"position": {
						"0.0": {
							"vector": [0, 0, 0]
						},
						"0.25": {
							"vector": [1, 0, 2]
						},
						"0.4167": {
							"vector": [0, 0, 0]
						}
					}
				},
				"keen": {
					"rotation": {
						"0.0": {
							"vector": [-17.48436, -0.75155, -2.38443]
						},
						"0.25": {
							"vector": [-27.47766, 1.15408, 2.21783],
							"easing": "easeOutCirc"
						},
						"0.4167": {
							"vector": [-17.48436, -0.75155, -2.38443]
						}
					},
					"position": {
						"0.0": {
							"vector": [0, 2, 0]
						},
						"0.25": {
							"vector": [0, 0, 0]
						},
						"0.4167": {
							"vector": [0, 2, 0]
						}
					}
				},
				"tongue": {
					"rotation": {
						"0.0": {
							"vector": [55, 0, 0]
						},
						"0.25": {
							"vector": [42.5, 0, 0]
						},
						"0.4167": {
							"vector": [55, 0, 0]
						}
					},
					"position": {
						"0.0": {
							"vector": [0, -2, 0]
						},
						"0.25": {
							"vector": [0, -1, 0]
						},
						"0.4167": {
							"vector": [0, -2, 0]
						}
					}
				}
			}
		},
		"death": {
			"animation_length": 1.5,
			"bones": {
				"main": {
					"rotation": {
						"vector": [0, 0, 0]
					},
					"position": {
						"0.0": {
							"vector": [0, 0, 0]
						},
						"0.1667": {
							"vector": [0, 3, 4],
							"easing": "easeInCirc"
						},
						"0.4583": {
							"vector": [0, -14, 0],
							"easing": "easeOutCirc"
						}
					},
					"scale": {
						"vector": [1, 1, 1]
					}
				},
				"head": {
					"rotation": {
						"0.0": {
							"vector": [0, 0, 0]
						},
						"0.1667": {
							"vector": [-180, 0, 0]
						},
						"0.4583": {
							"vector": [-272.5, 0, 0]
						}
					},
					"position": {
						"0.0": {
							"vector": [0, 0, 0]
						},
						"0.1667": {
							"vector": [0, 17, 3]
						},
						"0.4583": {
							"vector": [0, 18, 3]
						}
					}
				},
				"wing1": {
					"rotation": {
						"0.0": {
							"vector": [0, 0, 0]
						},
						"0.1667": {
							"vector": [90.43688, 4.98093, -84.981]
						},
						"0.4583": {
							"vector": [190.95048, 24.16247, 9.58591]
						}
					},
					"position": {
						"vector": [0, 0, 0]
					}
				},
				"wing2": {
					"rotation": {
						"0.0": {
							"vector": [0, 0, 0]
						},
						"0.1667": {
							"vector": [110, 0, 72.5]
						},
						"0.4583": {
							"vector": [172.07926, -27.1178, -11.29308]
						}
					},
					"position": {
						"vector": [0, 0, 0]
					}
				}
			}
		}
	},
	"geckolib_format_version": 2
}