{
	"format_version": "1.8.0",
	"animations": {
		"walk": {
			"loop": true,
			"animation_length": 1,
			"bones": {
				"body": {
					"rotation": {
						"0.0": {
							"vector": [-14.87739, -1.93597, -7.24721],
							"easing": "easeInBack",
							"easingArgs": [0.5]
						},
						"0.25": {
							"vector": [10, 0, 0],
							"easing": "easeOutBack",
							"easingArgs": [0.5]
						},
						"0.5": {
							"vector": [-14.78217, 2.57594, 9.6658],
							"easing": "easeInBack",
							"easingArgs": [0.5]
						},
						"0.75": {
							"vector": [10, 0, 0],
							"easing": "easeOutBack",
							"easingArgs": [0.5]
						},
						"1.0": {
							"vector": [-14.87739, -1.93597, -7.24721],
							"easing": "easeInBack",
							"easingArgs": [0.5]
						}
					},
					"position": {
						"0.0": {
							"vector": [0, 0, 0],
							"easing": "easeOutBack",
							"easingArgs": [1.3]
						},
						"0.125": {
							"vector": [0, 2, 0],
							"easing": "easeOutBack"
						},
						"0.25": {
							"vector": [0, 0, 0],
							"easing": "easeOutBack",
							"easingArgs": [1.3]
						},
						"0.5": {
							"vector": [0, 0, 0]
						},
						"0.625": {
							"vector": [0, 2, 0],
							"easing": "easeOutBack"
						},
						"0.75": {
							"vector": [0, 0, 0],
							"easing": "easeOutBack",
							"easingArgs": [1.3]
						},
						"1.0": {
							"vector": [0, 0, 0],
							"easing": "easeOutBack",
							"easingArgs": [1.3]
						}
					}
				},
				"head": {
					"rotation": {
						"0.0": {
							"vector": [-13.96622, 14.65108, 15.47449]
						},
						"0.25": {
							"vector": [-31.3161, 13.82348, 4.74473]
						},
						"0.5": {
							"vector": [-18.0478, 9.08015, -4.16627]
						},
						"0.75": {
							"vector": [-31.3161, 13.82348, 4.74473]
						},
						"1.0": {
							"vector": [-13.96622, 14.65108, 15.47449]
						}
					},
					"position": {
						"0.0": {
							"vector": [0, 0, -1]
						},
						"0.125": {
							"vector": [0, 0, -1]
						},
						"0.25": {
							"vector": [0, -2, -1]
						},
						"0.5": {
							"vector": [0, 0, -1]
						},
						"0.625": {
							"vector": [0, 0, -1]
						},
						"0.75": {
							"vector": [0, -2, -1]
						},
						"1.0": {
							"vector": [0, 0, -1]
						}
					}
				},
				"leftArm": {
					"rotation": {
						"0.0": {
							"vector": [21.27979, 43.23394, 33.68791],
							"easing": "easeInBack",
							"easingArgs": [0.5]
						},
						"0.25": {
							"vector": [-8.82531, 28.59051, 0.86279],
							"easing": "easeOutBack",
							"easingArgs": [0.5]
						},
						"0.5": {
							"vector": [21.27979, 43.23394, 33.68791],
							"easing": "easeInBack",
							"easingArgs": [0.5]
						},
						"0.75": {
							"vector": [-8.82531, 28.59051, 0.86279],
							"easing": "easeOutBack",
							"easingArgs": [0.5]
						},
						"1.0": {
							"vector": [21.27979, 43.23394, 33.68791],
							"easing": "easeInBack",
							"easingArgs": [0.5]
						}
					},
					"position": {
						"0.0": {
							"vector": [0, 1, 0]
						},
						"0.125": {
							"vector": [0, -1.07, 1.01]
						},
						"0.25": {
							"vector": [0, -2, 1],
							"easing": "easeOutBack",
							"easingArgs": [0.65]
						},
						"0.5": {
							"vector": [0, 1, 0]
						},
						"0.625": {
							"vector": [0, -1.07, 1.01]
						},
						"0.75": {
							"vector": [0, -2, 1],
							"easing": "easeOutBack",
							"easingArgs": [0.65]
						},
						"1.0": {
							"vector": [0, 1, 0]
						}
					}
				},
				"rightArm": {
					"rotation": {
						"0.0": {
							"vector": [22.73197, -51.70764, -41.03406],
							"easing": "easeInBack",
							"easingArgs": [0.5]
						},
						"0.25": {
							"vector": [0.55645, -5.86958, -10.0668]
						},
						"0.5": {
							"vector": [22.73197, -51.70764, -41.03406],
							"easing": "easeInBack",
							"easingArgs": [0.5]
						},
						"0.75": {
							"vector": [0.55645, -5.86958, -10.0668]
						},
						"1.0": {
							"vector": [22.73197, -51.70764, -41.03406],
							"easing": "easeInBack",
							"easingArgs": [0.5]
						}
					},
					"position": {
						"0.0": {
							"vector": [0, 1, 0]
						},
						"0.125": {
							"vector": [0, -1.07, 1.01]
						},
						"0.25": {
							"vector": [0, -2, 1],
							"easing": "easeOutBack",
							"easingArgs": [0.65]
						},
						"0.5": {
							"vector": [0, 1, 0]
						},
						"0.625": {
							"vector": [0, -1.07, 1.01]
						},
						"0.75": {
							"vector": [0, -2, 1],
							"easing": "easeOutBack",
							"easingArgs": [0.65]
						},
						"1.0": {
							"vector": [0, 1, 0]
						}
					}
				},
				"blackrobe": {
					"rotation": {
						"0.0": {
							"vector": [-5, 0, 0],
							"easing": "easeInElastic",
							"easingArgs": [1.2]
						},
						"0.125": {
							"vector": [3.59, 0, 0]
						},
						"0.25": {
							"vector": [0, 0, 0],
							"easing": "easeOutElastic",
							"easingArgs": [1.2]
						},
						"0.5": {
							"vector": [-5, 0, 0],
							"easing": "easeInElastic",
							"easingArgs": [1.2]
						},
						"0.625": {
							"vector": [3.59, 0, 0]
						},
						"0.75": {
							"vector": [0, 0, 0],
							"easing": "easeOutElastic",
							"easingArgs": [1.2]
						},
						"1.0": {
							"vector": [-5, 0, 0],
							"easing": "easeInElastic",
							"easingArgs": [1.2]
						}
					},
					"position": {
						"0.0": {
							"vector": [0, 0, 0]
						},
						"0.125": {
							"vector": [0, 0.74, 0]
						},
						"0.25": {
							"vector": [0, -0.6, 0],
							"easing": "easeOutElastic",
							"easingArgs": [0.7]
						},
						"0.5": {
							"vector": [0, 0, 0]
						},
						"0.625": {
							"vector": [0, 0.74, 0]
						},
						"0.75": {
							"vector": [0, -0.6, 0],
							"easing": "easeOutElastic",
							"easingArgs": [0.7]
						},
						"1.0": {
							"vector": [0, 0, 0]
						}
					}
				},
				"leftLeg": {
					"rotation": {
						"0.0": {
							"vector": [0, 0, 0],
							"easing": "easeInBack"
						},
						"0.25": {
							"vector": [67.5, 0, 0],
							"easing": "easeInBack"
						},
						"0.5": {
							"vector": [-77.5, 0, 0],
							"easing": "easeInBack",
							"easingArgs": [0.7]
						},
						"0.75": {
							"vector": [0, 0, 0],
							"easing": "easeInBack",
							"easingArgs": [0.5]
						},
						"1.0": {
							"vector": [0, 0, 0],
							"easing": "easeInBack"
						}
					},
					"position": {
						"0.0": {
							"vector": [0, -1, 0]
						},
						"0.25": {
							"vector": [0, -1, 0]
						},
						"0.5": {
							"vector": [0, 1, -1]
						},
						"0.625": {
							"vector": [0, 2.5, -2],
							"easing": "easeOutBack",
							"easingArgs": [1.2]
						},
						"0.75": {
							"vector": [0, 0, -1]
						},
						"1.0": {
							"vector": [0, -1, 0]
						}
					}
				},
				"rightLeg": {
					"rotation": {
						"0.0": {
							"vector": [-77.5, 0, 0],
							"easing": "easeInBack",
							"easingArgs": [0.7]
						},
						"0.25": {
							"vector": [0, 0, 0],
							"easing": "easeInBack",
							"easingArgs": [0.5]
						},
						"0.5": {
							"vector": [0, 0, 0]
						},
						"0.75": {
							"vector": [67.5, 0, 0],
							"easing": "easeInBack"
						},
						"1.0": {
							"vector": [-77.5, 0, 0],
							"easing": "easeInBack",
							"easingArgs": [0.7]
						}
					},
					"position": {
						"0.0": {
							"vector": [0, 1, -1]
						},
						"0.125": {
							"vector": [0, 2.5, -2],
							"easing": "easeOutBack",
							"easingArgs": [1.2]
						},
						"0.25": {
							"vector": [0, 0, -1]
						},
						"0.5": {
							"vector": [0, -1, 0]
						},
						"0.75": {
							"vector": [0, -1, 0]
						},
						"1.0": {
							"vector": [0, 1, -1]
						}
					}
				},
				"alll": {
					"position": {
						"0.0": {
							"vector": [0, 1, 0],
							"easing": "easeInSine"
						},
						"0.25": {
							"vector": [0, 0, -1],
							"easing": "easeInSine"
						},
						"0.5": {
							"vector": [0, 1, 0],
							"easing": "easeInSine"
						},
						"0.75": {
							"vector": [0, 0, -1],
							"easing": "easeInSine"
						},
						"1.0": {
							"vector": [0, 1, 0],
							"easing": "easeInSine"
						}
					}
				}
			}
		},
		"sling": {
			"animation_length": 2,
			"bones": {
				"body": {
					"rotation": {
						"0.0": {
							"vector": [-14.87739, -1.93597, -7.24721],
							"easing": "easeInBack",
							"easingArgs": [0.5]
						},
						"0.25": {
							"vector": [10, 0, 0],
							"easing": "easeOutBack",
							"easingArgs": [0.5]
						},
						"0.5417": {
							"vector": [-30, 0, 0]
						},
						"0.625": {
							"vector": [-45, 0, 0],
							"easing": "easeOutBack"
						},
						"1.375": {
							"vector": [-62.5, 0, 0],
							"easing": "easeOutBack",
							"easingArgs": [2]
						},
						"1.5": {
							"vector": [-121.25, 0, 0]
						},
						"1.7083": {
							"vector": [5, 0, 0],
							"easing": "easeInElastic",
							"easingArgs": [2]
						}
					},
					"position": {
						"0.0": {
							"vector": [0, 0, 0]
						},
						"0.125": {
							"vector": [0, 2, 0],
							"easing": "easeOutBack"
						},
						"0.25": {
							"vector": [0, 0, 0],
							"easing": "easeOutBack",
							"easingArgs": [1.3]
						},
						"0.4167": {
							"vector": [0, 1, 0.57]
						},
						"0.5417": {
							"vector": [0, 0, 1]
						},
						"1.375": {
							"vector": [0, 0, 1]
						}
					},
					"scale": {
						"vector": [1, 1, 1]
					}
				},
				"head": {
					"rotation": {
						"0.0": {
							"vector": [-13.96622, 14.65108, 15.47449]
						},
						"0.25": {
							"vector": [-31.3161, 13.82348, 4.74473]
						},
						"1.5": {
							"vector": [-31.32, 13.82, 4.74]
						}
					},
					"position": {
						"0.0": {
							"vector": [0, 0, -1]
						},
						"0.125": {
							"vector": [0, 0, -1]
						},
						"0.25": {
							"vector": [0, -2, -1]
						},
						"0.4167": {
							"vector": [0, -1, -1]
						},
						"1.5": {
							"vector": [0, -1, -1]
						}
					},
					"scale": {
						"vector": [1, 1, 1]
					}
				},
				"leftArm": {
					"rotation": {
						"0.0": {
							"vector": [21.27979, 43.23394, 33.68791],
							"easing": "easeInBack",
							"easingArgs": [0.5]
						},
						"0.25": {
							"vector": [-8.82531, 28.59051, 0.86279],
							"easing": "easeOutBack",
							"easingArgs": [0.5]
						},
						"0.4167": {
							"vector": [13.67469, 28.59051, 0.86279]
						},
						"0.5": {
							"vector": [32.5535, 28.59051, 0.86279]
						},
						"0.625": {
							"vector": [61.17469, 28.59051, 0.86279],
							"easing": "easeOutBack"
						},
						"1.375": {
							"vector": [71.4, 21.11, 1.4]
						},
						"1.5": {
							"vector": [199.00613, 22.81756, -3.66767]
						},
						"1.5833": {
							"vector": [13.9, 21.11, 1.4],
							"easing": "easeInSine"
						}
					},
					"position": {
						"0.0": {
							"vector": [0, 1, 0]
						},
						"0.125": {
							"vector": [0, -1.07, 1.01]
						},
						"0.25": {
							"vector": [0, -2, 1],
							"easing": "easeOutBack",
							"easingArgs": [0.65]
						},
						"1.375": {
							"vector": [0, -2, 1]
						}
					},
					"scale": {
						"vector": [1, 1, 1]
					}
				},
				"rightArm": {
					"rotation": {
						"0.0": {
							"vector": [22.73197, -51.70764, -41.03406],
							"easing": "easeInBack",
							"easingArgs": [0.5]
						},
						"0.25": {
							"vector": [0.55645, -5.86958, -10.0668]
						},
						"0.4167": {
							"vector": [18.05645, -5.86958, -10.0668]
						},
						"0.5": {
							"vector": [11.20957, -5.86958, -10.0668]
						},
						"0.625": {
							"vector": [40.55645, -5.86958, -10.0668],
							"easing": "easeOutBack"
						},
						"1.375": {
							"vector": [63.05645, -5.86958, -10.0668],
							"easing": "easeOutBack",
							"easingArgs": [0.8]
						},
						"1.5": {
							"vector": [186.38164, -10.99738, 22.39821]
						},
						"1.5833": {
							"vector": [8.05645, -5.86958, -10.0668],
							"easing": "easeInSine"
						}
					},
					"position": {
						"0.0": {
							"vector": [0, 1, 0]
						},
						"0.125": {
							"vector": [0, -1.07, 1.01]
						},
						"0.25": {
							"vector": [0, -2, 1],
							"easing": "easeOutBack",
							"easingArgs": [0.65]
						},
						"1.375": {
							"vector": [0, -2, 1]
						}
					},
					"scale": {
						"vector": [1, 1, 1]
					}
				},
				"blackrobe": {
					"rotation": {
						"0.0": {
							"vector": [-5, 0, 0],
							"easing": "easeInElastic",
							"easingArgs": [1.2]
						},
						"0.125": {
							"vector": [3.59, 0, 0]
						},
						"0.25": {
							"vector": [0, 0, 0],
							"easing": "easeOutElastic",
							"easingArgs": [1.2]
						},
						"0.4167": {
							"vector": [5, 0, 0]
						},
						"0.5": {
							"vector": [-5, 0, 0]
						},
						"0.625": {
							"vector": [5, 0, 0],
							"easing": "easeInBack",
							"easingArgs": [0.5]
						},
						"1.5": {
							"vector": [5, 0, 0]
						}
					},
					"position": {
						"0.0": {
							"vector": [0, 0, 0]
						},
						"0.125": {
							"vector": [0, 0.74, 0]
						},
						"0.25": {
							"vector": [0, -0.6, 0],
							"easing": "easeOutElastic",
							"easingArgs": [0.7]
						},
						"0.4167": {
							"vector": [0, 0.4, 0]
						},
						"0.625": {
							"vector": [0, 0.4, 0]
						},
						"1.5": {
							"vector": [0, 0.4, 0]
						}
					},
					"scale": {
						"vector": [1, 1, 1]
					}
				},
				"leftLeg": {
					"rotation": {
						"0.0": {
							"vector": [0, 0, 0],
							"easing": "easeInBack"
						},
						"0.25": {
							"vector": [67.5, 0, 0],
							"easing": "easeInBack"
						},
						"0.4167": {
							"vector": [20, 0, 0]
						},
						"0.5417": {
							"vector": [5, 0, 0]
						},
						"0.625": {
							"vector": [2.5, 0, 0]
						},
						"1.5": {
							"vector": [2.5, 0, 0]
						},
						"1.6667": {
							"vector": [37.5, 0, 0]
						}
					},
					"position": {
						"0.0": {
							"vector": [0, -1, 0]
						},
						"0.25": {
							"vector": [0, -1, 0]
						},
						"0.4167": {
							"vector": [0, 1, 2]
						},
						"0.5417": {
							"vector": [0, 0, 2]
						},
						"1.5": {
							"vector": [0, 0, 2]
						}
					},
					"scale": {
						"vector": [1, 1, 1]
					}
				},
				"rightLeg": {
					"rotation": {
						"0.0": {
							"vector": [-77.5, 0, 0],
							"easing": "easeInBack",
							"easingArgs": [0.5]
						},
						"0.25": {
							"vector": [0, 0, 0],
							"easing": "easeInBack",
							"easingArgs": [0.5]
						},
						"0.625": {
							"vector": [-25, 0, 0],
							"easing": "easeInBack",
							"easingArgs": [2]
						},
						"1.375": {
							"vector": [-52.5, 0, 0],
							"easing": "easeOutBack"
						},
						"1.5": {
							"vector": [-118.5, 0, 0],
							"easing": "easeOutBack",
							"easingArgs": [2]
						},
						"1.6667": {
							"vector": [62.5, 0, 0]
						}
					},
					"position": {
						"0.0": {
							"vector": [0, 1, -1]
						},
						"0.125": {
							"vector": [0, 2.5, -2],
							"easing": "easeOutBack",
							"easingArgs": [1.2]
						},
						"0.25": {
							"vector": [0, 0, -1]
						},
						"0.5417": {
							"vector": [0, 0, 0]
						},
						"0.625": {
							"vector": [0, 0, 1]
						},
						"1.375": {
							"vector": [0, 0, 1]
						}
					},
					"scale": {
						"vector": [1, 1, 1]
					}
				},
				"alll": {
					"rotation": {
						"1.5": {
							"vector": [0, 0, 0]
						},
						"1.6667": {
							"vector": [67.5, 0, 0]
						}
					},
					"position": {
						"0.0": {
							"vector": [0, 1, 0],
							"easing": "easeInSine"
						},
						"0.25": {
							"vector": [0, 0, -1],
							"easing": "easeInSine"
						},
						"1.5": {
							"vector": [0, 0, -1]
						},
						"1.6667": {
							"vector": [0, 0, -15]
						},
						"1.7083": {
							"vector": [0, 0, -1]
						}
					},
					"scale": {
						"vector": [1, 1, 1]
					}
				},
				"rod": {
					"rotation": {
						"vector": [0, 0, 0]
					},
					"position": {
						"vector": [0, 0, 0]
					},
					"scale": {
						"vector": [1, 1, 1]
					}
				}
			}
		},
		"idle": {
			"loop": true,
			"animation_length": 3,
			"bones": {
				"body": {
					"rotation": {
						"0.0": {
							"vector": [12.54, -0.43, -4.99]
						},
						"1.5": {
							"vector": [-2.5, 0, 5],
							"easing": "easeOutBack",
							"easingArgs": [2]
						},
						"2.0": {
							"vector": [-7.46207, -0.43399, -4.99067],
							"easing": "easeOutBack"
						},
						"3.0": {
							"vector": [12.54, -0.43, -4.99]
						}
					},
					"position": {
						"0.0": {
							"vector": [0, 0, 0]
						},
						"3.0": {
							"vector": [0, 0, 0]
						}
					},
					"scale": {
						"0.0": {
							"vector": [1, 1, 1]
						},
						"3.0": {
							"vector": [1, 1, 1]
						}
					}
				},
				"head": {
					"rotation": {
						"0.0": {
							"vector": [-45, 0, 0]
						},
						"3.0": {
							"vector": [-45, 0, 0]
						}
					},
					"position": {
						"0.0": {
							"vector": [0, 0, 0]
						},
						"3.0": {
							"vector": [0, 0, 0]
						}
					},
					"scale": {
						"0.0": {
							"vector": [1, 1, 1]
						},
						"3.0": {
							"vector": [1, 1, 1]
						}
					}
				},
				"rod": {
					"rotation": {
						"0.0": {
							"vector": [0, 0, 0]
						},
						"3.0": {
							"vector": [0, 0, 0]
						}
					},
					"position": {
						"0.0": {
							"vector": [0, 0, 0]
						},
						"3.0": {
							"vector": [0, 0, 0]
						}
					},
					"scale": {
						"0.0": {
							"vector": [1, 1, 1]
						},
						"3.0": {
							"vector": [1, 1, 1]
						}
					}
				},
				"leftArm": {
					"rotation": {
						"0.0": {
							"vector": [-9.99067, -0.43399, 5.03793],
							"easing": "easeOutBack"
						},
						"0.5": {
							"vector": [0, 0, -6.43],
							"easing": "easeOutBack"
						},
						"1.5": {
							"vector": [0, 0, 0.26]
						},
						"2.0": {
							"vector": [0, 0, 8.6],
							"easing": "easeOutBack"
						},
						"3.0": {
							"vector": [-9.99067, -0.43399, 5.03793],
							"easing": "easeOutBack"
						}
					},
					"position": {
						"0.0": {
							"vector": [0, -1, 0]
						},
						"1.5": {
							"vector": [0, 0, 0]
						},
						"3.0": {
							"vector": [0, -1, 0]
						}
					},
					"scale": {
						"0.0": {
							"vector": [1, 1, 1]
						},
						"1.5": {
							"vector": [1, 1, 1]
						},
						"3.0": {
							"vector": [1, 1, 1]
						}
					}
				},
				"rightArm": {
					"rotation": {
						"0.0": {
							"vector": [-9.85108, 1.72794, -0.14892],
							"easing": "easeOutBack"
						},
						"0.5": {
							"vector": [0, 0, -10],
							"easing": "easeOutBack"
						},
						"1.5": {
							"vector": [0, 0, -10]
						},
						"2.0": {
							"vector": [0, 0, 2.5],
							"easing": "easeOutBack"
						},
						"3.0": {
							"vector": [-9.85108, 1.72794, -0.14892],
							"easing": "easeOutBack"
						}
					},
					"position": {
						"0.0": {
							"vector": [0, -1, 0]
						},
						"1.5": {
							"vector": [0, 0, 0]
						},
						"3.0": {
							"vector": [0, -1, 0]
						}
					},
					"scale": {
						"0.0": {
							"vector": [1, 1, 1]
						},
						"1.5": {
							"vector": [1, 1, 1]
						},
						"3.0": {
							"vector": [1, 1, 1]
						}
					}
				},
				"blackrobe": {
					"rotation": {
						"0.0": {
							"vector": [-4.99294, 0.32621, 2.47864],
							"easing": "easeOutBack"
						},
						"0.5": {
							"vector": [0, 0, -7.5],
							"easing": "easeOutBack"
						},
						"1.5": {
							"vector": [0, 0, -3.9]
						},
						"2.0": {
							"vector": [0, 0, 5.4],
							"easing": "easeOutBack"
						},
						"3.0": {
							"vector": [-4.99294, 0.32621, 2.47864],
							"easing": "easeOutBack"
						}
					},
					"position": {
						"0.0": {
							"vector": [0, -1, 0]
						},
						"1.5": {
							"vector": [0, 0, 0]
						},
						"3.0": {
							"vector": [0, -1, 0]
						}
					},
					"scale": {
						"0.0": {
							"vector": [1, 1, 1]
						},
						"1.5": {
							"vector": [1, 1, 1]
						},
						"3.0": {
							"vector": [1, 1, 1]
						}
					}
				},
				"leftLeg": {
					"rotation": {
						"0.0": {
							"vector": [0, 0, 2.5]
						},
						"1.7917": {
							"vector": [0, 0, 0]
						},
						"2.0833": {
							"vector": [0, 0, 5]
						},
						"2.5833": {
							"vector": [0, 0, 2.5]
						},
						"3.0": {
							"vector": [0, 0, 2.5]
						}
					},
					"position": {
						"0.0": {
							"vector": [0, 0, 0]
						},
						"1.7917": {
							"vector": [0, 0, 0]
						},
						"2.5833": {
							"vector": [0, 0, 0]
						},
						"3.0": {
							"vector": [0, 0, 0]
						}
					},
					"scale": {
						"0.0": {
							"vector": [1, 1, 1]
						},
						"2.5833": {
							"vector": [1, 1, 1]
						},
						"3.0": {
							"vector": [1, 1, 1]
						}
					}
				},
				"rightLeg": {
					"rotation": {
						"0.0": {
							"vector": [0, 0, -5]
						},
						"1.5": {
							"vector": [0, 0, -5]
						},
						"1.9583": {
							"vector": [0, 0, -5]
						},
						"2.0833": {
							"vector": [0, 0, 0],
							"easing": "easeOutBack"
						},
						"2.5833": {
							"vector": [0, 0, -5]
						}
					},
					"position": {
						"0.0": {
							"vector": [0, 0, 0]
						},
						"2.5833": {
							"vector": [0, 0, 0]
						}
					},
					"scale": {
						"0.0": {
							"vector": [1, 1, 1]
						},
						"2.5833": {
							"vector": [1, 1, 1]
						}
					}
				},
				"alll": {
					"rotation": {
						"0.0": {
							"vector": [0, 0, 0]
						},
						"3.0": {
							"vector": [0, 0, 0]
						}
					},
					"position": {
						"0.0": {
							"vector": [0, 0, 0]
						},
						"3.0": {
							"vector": [0, 0, 0]
						}
					},
					"scale": {
						"0.0": {
							"vector": [1, 1, 1]
						},
						"3.0": {
							"vector": [1, 1, 1]
						}
					}
				}
			}
		}
	},
	"geckolib_format_version": 2
}