{
	"format_version": "1.8.0",
	"animations": {
		"animation.model.idle": {
			"loop": true,
			"animation_length": 2,
			"bones": {
				"head": {
					"rotation": {
						"0.0": {
							"vector": [-18.74227, -12.67956, -67.89913]
						},
						"0.9583": {
							"vector": [-39.97146, -50.4613, -103.28969]
						},
						"1.5833": {
							"vector": [-14.97146, -50.4613, -103.28969]
						},
						"1.7917": {
							"vector": [-10.13039, 20.77036, -118.56793]
						},
						"2.0": {
							"vector": [-18.74227, -12.67956, -67.89913]
						}
					}
				},
				"body": {
					"rotation": {
						"0.0": {
							"vector": [-7.5, 0, 0]
						},
						"0.4583": {
							"vector": [-5.85133, 20.70481, 9.00717]
						},
						"0.75": {
							"vector": [-7.00992, -11.53486, -4.8493]
						},
						"1.0": {
							"vector": [-7.01, -11.53, -4.85]
						},
						"2.0": {
							"vector": [-7.5, 0, 0]
						}
					},
					"position": {
						"0.0": {
							"vector": [0, -4, 0]
						},
						"0.9583": {
							"vector": [0, -4, 3]
						},
						"1.375": {
							"vector": [0, -5.95, 3.32]
						},
						"1.5417": {
							"vector": [0, -1.95, -11.68],
							"easing": "easeOutExpo"
						},
						"1.7083": {
							"vector": [0, -4.95, -11.68]
						},
						"2.0": {
							"vector": [0, -4, 0]
						}
					}
				},
				"upperBody": {
					"rotation": {
						"0.0": {
							"vector": [-20, 0, 0]
						},
						"0.4583": {
							"vector": [-16.48159, -17.49451, 0.44548]
						},
						"0.9583": {
							"vector": [-12.24194, 24.97457, 1.16524]
						},
						"1.375": {
							"vector": [-12.24194, 24.97457, 1.16524]
						},
						"1.5": {
							"vector": [-60.27218, 7.91646, -17.98773],
							"easing": "easeInExpo"
						},
						"2.0": {
							"vector": [-20, 0, 0]
						}
					}
				},
				"leg0": {
					"rotation": {
						"0.0": {
							"vector": [52.73749, 4.55749, -39.03725]
						},
						"0.4583": {
							"vector": [42.53546, 31.34151, -63.02958]
						},
						"0.75": {
							"vector": [121.93361, -6.3243, -14.06338]
						},
						"0.9583": {
							"vector": [59.59228, 8.08167, -8.39731]
						},
						"1.375": {
							"vector": [77.68536, 44.68373, -38.62112]
						},
						"2.0": {
							"vector": [52.73749, 4.55749, -39.03725]
						}
					}
				},
				"leg1": {
					"rotation": {
						"0.0": {
							"vector": [60.77452, -18.37933, 39.45719]
						},
						"0.2083": {
							"vector": [107.68882, -1.36694, 19.24635]
						},
						"0.4583": {
							"vector": [75.48599, 19.04793, -5.00666]
						},
						"0.75": {
							"vector": [40.75051, -71.77752, 47.60941]
						},
						"1.375": {
							"vector": [90.42025, -19.76703, 4.84978]
						},
						"1.5417": {
							"vector": [105.42025, -19.76703, 4.84978]
						},
						"2.0": {
							"vector": [60.77452, -18.37933, 39.45719]
						}
					}
				},
				"hindleg": {
					"rotation": {
						"0.0": {
							"vector": [17.5, 0, 0]
						},
						"1.375": {
							"vector": [17.5, 0, 0]
						},
						"1.5417": {
							"vector": [62.5, 0, 0],
							"easing": "easeOutExpo"
						},
						"2.0": {
							"vector": [17.5, 0, 0]
						}
					}
				},
				"hindleg2": {
					"rotation": {
						"1.375": {
							"vector": [0, 0, 0]
						},
						"1.5417": {
							"vector": [32.5, 0, 0],
							"easing": "easeOutExpo"
						}
					}
				},
				"bone": {
					"rotation": {
						"0.0": {
							"vector": [10, 0, 0]
						},
						"1.0": {
							"vector": [120, 0, 0],
							"easing": "easeInOutElastic"
						},
						"1.5833": {
							"vector": [5, 0, 0]
						},
						"2.0": {
							"vector": [10, 0, 0]
						}
					}
				},
				"second": {
					"rotation": {
						"0.0": {
							"vector": [-107.5, 0, 0]
						},
						"0.4583": {
							"vector": [-127.5, 0, 0]
						},
						"0.9583": {
							"vector": [-100, 0, 0]
						},
						"1.375": {
							"vector": [-100, 0, 0]
						},
						"1.5417": {
							"vector": [-27.5, 0, 0],
							"easing": "easeOutExpo"
						},
						"2.0": {
							"vector": [-107.5, 0, 0]
						}
					}
				},
				"second2": {
					"rotation": {
						"0.0": {
							"vector": [-82.5, 0, 0]
						},
						"0.2083": {
							"vector": [-137.5, 0, 0]
						},
						"0.4583": {
							"vector": [-95, 0, 0]
						},
						"1.375": {
							"vector": [-95, 0, 0]
						},
						"1.5417": {
							"vector": [-17.5, 0, 0],
							"easing": "easeOutExpo"
						},
						"2.0": {
							"vector": [-82.5, 0, 0]
						}
					}
				}
			}
		},
		"swim": {
			"loop": true,
			"animation_length": 0.8333,
			"bones": {
				"body": {
					"rotation": {
						"0.0": {
							"vector": [-35, 0, 0],
							"easing": "easeInOutExpo"
						},
						"0.2083": {
							"vector": [-42.5, 0, 0]
						},
						"0.625": {
							"vector": [-45.37, 0, 0]
						},
						"0.8333": {
							"vector": [-35, 0, 0],
							"easing": "easeInOutExpo"
						}
					},
					"position": {
						"0.0": {
							"vector": [0, -6, 0],
							"easing": "easeInOutExpo"
						},
						"0.4167": {
							"vector": [0, -6, -25],
							"easing": "easeInOutExpo"
						},
						"0.8333": {
							"vector": [0, -6, 0],
							"easing": "easeInOutExpo"
						}
					}
				},
				"leg0": {
					"rotation": {
						"0.0": {
							"vector": [128.90382, 18.27317, 5.24943],
							"easing": "easeInOutExpo"
						},
						"0.4583": {
							"vector": [190.92986, 23.56281, 78.05237]
						},
						"0.8333": {
							"vector": [128.90382, 18.27317, 5.24943],
							"easing": "easeInOutExpo"
						}
					},
					"position": {
						"0.0": {
							"vector": [0, 4, 0],
							"easing": "easeInOutExpo"
						},
						"0.8333": {
							"vector": [0, 4, 0],
							"easing": "easeInOutExpo"
						}
					}
				},
				"hindleg": {
					"rotation": {
						"0.0": {
							"vector": [-42.5, 0, 0],
							"easing": "easeInOutExpo"
						},
						"0.4583": {
							"vector": [32.5, 0, 0],
							"easing": "easeInOutExpo"
						},
						"0.8333": {
							"vector": [-42.5, 0, 0],
							"easing": "easeInOutExpo"
						}
					}
				},
				"leg1": {
					"rotation": {
						"0.0": {
							"vector": [119.35918, -38.24033, -3.48017],
							"easing": "easeInOutExpo"
						},
						"0.4583": {
							"vector": [211.59321, -22.97146, -66.14929],
							"easing": "easeInOutExpo"
						},
						"0.8333": {
							"vector": [119.35918, -38.24033, -3.48017],
							"easing": "easeInOutExpo"
						}
					},
					"position": {
						"0.0": {
							"vector": [0, 5, 1],
							"easing": "easeInOutExpo"
						},
						"0.8333": {
							"vector": [0, 5, 1],
							"easing": "easeInOutExpo"
						}
					}
				},
				"hindleg2": {
					"rotation": {
						"0.0": {
							"vector": [-45, 0, 0],
							"easing": "easeInOutExpo"
						},
						"0.4583": {
							"vector": [27.5, 0, 0],
							"easing": "easeInOutExpo"
						},
						"0.8333": {
							"vector": [-45, 0, 0],
							"easing": "easeInOutExpo"
						}
					}
				},
				"upperBody": {
					"rotation": {
						"0.0": {
							"vector": [-17.5, 0, 0],
							"easing": "easeInOutExpo"
						},
						"0.0417": {
							"vector": [-17.5, 0, 0]
						},
						"0.4167": {
							"vector": [-9.73281, 1.26775, -175.09373],
							"easing": "easeInOutExpo"
						},
						"0.8333": {
							"vector": [-17.5, 0, 0],
							"easing": "easeInOutExpo"
						}
					}
				},
				"head": {
					"rotation": {
						"0.0": {
							"vector": [-35.28664, -20.20435, -81.01349],
							"easing": "easeInOutExpo"
						},
						"0.375": {
							"vector": [-17.5, 0, -55],
							"easing": "easeInOutExpo"
						},
						"0.8333": {
							"vector": [-35.28664, -20.20435, -81.01349],
							"easing": "easeInOutExpo"
						}
					},
					"position": {
						"0.0": {
							"vector": [0, 0, 0],
							"easing": "easeInOutExpo"
						},
						"0.375": {
							"vector": [0, 0, -1],
							"easing": "easeInOutExpo"
						},
						"0.8333": {
							"vector": [0, 0, 0],
							"easing": "easeInOutExpo"
						}
					}
				},
				"bone": {
					"rotation": {
						"0.0": {
							"vector": [97.5, 0, 0],
							"easing": "easeInOutExpo"
						},
						"0.3333": {
							"vector": [0, 0, 0],
							"easing": "easeInOutExpo"
						},
						"0.8333": {
							"vector": [97.5, 0, 0],
							"easing": "easeInOutExpo"
						}
					}
				},
				"second": {
					"rotation": {
						"0.0": {
							"vector": [-32.5, 0, 0],
							"easing": "easeInOutExpo"
						},
						"0.4583": {
							"vector": [52.5, 0, 0],
							"easing": "easeInOutExpo"
						},
						"0.8333": {
							"vector": [-32.5, 0, 0],
							"easing": "easeInOutExpo"
						}
					}
				},
				"second2": {
					"rotation": {
						"0.0": {
							"vector": [-22.5, 0, 0],
							"easing": "easeInOutExpo"
						},
						"0.4583": {
							"vector": [40, 0, 0],
							"easing": "easeInOutExpo"
						},
						"0.8333": {
							"vector": [-22.5, 0, 0],
							"easing": "easeInOutExpo"
						}
					}
				}
			}
		}
	},
	"geckolib_format_version": 2
}