{
	"format_version": "1.8.0",
	"animations": {
		"spin": {
			"animation_length": 0.875,
			"override_previous_animation": true,
			"bones": {
				"bb_main": {
					"rotation": {
						"vector": [0, 0, 0]
					},
					"position": {
						"vector": [0, 0, 0]
					},
					"scale": {
						"vector": [1, 1, 1]
					}
				},
				"Body": {
					"rotation": {
						"0.0": {
							"vector": [0, 0, -2.5]
						},
						"0.5": {
							"vector": [0, -87.5, -2.5]
						},
						"0.7083": {
							"vector": [0, 55, -2.5],
							"easing": "easeOutBack",
							"easingArgs": [2]
						}
					},
					"position": {
						"0.0": {
							"vector": [0, 0, 0]
						},
						"0.5": {
							"vector": [0, 0, 0]
						},
						"0.7083": {
							"vector": [0, 0, -8],
							"easing": "easeOutBack",
							"easingArgs": [2]
						}
					},
					"scale": {
						"vector": [1, 1, 1]
					}
				},
				"jacket": {
					"rotation": {
						"vector": [0, 0, 0]
					},
					"position": {
						"vector": [0, 0, 0]
					},
					"scale": {
						"vector": [1, 1, 1]
					}
				},
				"head": {
					"rotation": {
						"0.0": {
							"vector": [0, 0, -12.5]
						},
						"0.5": {
							"vector": [0.62013, 64.99614, -11.52617]
						},
						"0.7083": {
							"vector": [0.62121, -64.99613, -13.47481]
						}
					},
					"position": {
						"vector": [0, 0, 0]
					},
					"scale": {
						"vector": [1, 1, 1]
					}
				},
				"RightArm": {
					"rotation": {
						"0.0": {
							"vector": [-44.87564, -42.05244, -6.82047]
						},
						"0.5": {
							"vector": [-44.88, -42.05, -6.82]
						},
						"0.7083": {
							"vector": [-4.30741, 25.59852, 44.34788]
						}
					},
					"position": {
						"vector": [0, 0, 0]
					},
					"scale": {
						"vector": [1, 1, 1]
					}
				},
				"LeftArm": {
					"rotation": {
						"0.0": {
							"vector": [-212.27829, -60.07764, 50.40134]
						},
						"0.5": {
							"vector": [-244.98523, 4.15678, 106.25436]
						},
						"0.7083": {
							"vector": [-31.58532, -13.66692, 97.46523],
							"easing": "easeOutBack",
							"easingArgs": [2]
						}
					},
					"position": {
						"0.0": {
							"vector": [1, -2, 0]
						},
						"0.7083": {
							"vector": [1, -2, -4],
							"easing": "easeOutBack",
							"easingArgs": [2]
						}
					},
					"scale": {
						"vector": [1, 1, 1]
					}
				},
				"axe_rig": {
					"rotation": {
						"vector": [0, 0, 0]
					},
					"position": {
						"vector": [0, 0, 0]
					},
					"scale": {
						"vector": [1, 1, 1]
					}
				},
				"hammer": {
					"rotation": {
						"vector": [0, 0, 0]
					},
					"position": {
						"0.0": {
							"vector": [0, 0, 0]
						},
						"0.5": {
							"vector": [0, 0, -2]
						}
					},
					"scale": {
						"vector": [1, 1, 1]
					}
				},
				"RightLeg": {
					"rotation": {
						"0.0": {
							"vector": [0, 0, 5]
						},
						"0.5": {
							"vector": [22.5, 0, 5]
						}
					},
					"position": {
						"vector": [0, 0, 0]
					},
					"scale": {
						"vector": [1, 1, 1]
					}
				},
				"LeftLeg": {
					"rotation": {
						"0.0": {
							"vector": [0, 0, 0]
						},
						"0.5": {
							"vector": [-25, 0, 0]
						}
					},
					"position": {
						"vector": [0, 0, 0]
					},
					"scale": {
						"vector": [1, 1, 1]
					}
				},
				"blade": {
					"rotation": {
						"0.0": {
							"vector": [0, 0, 0]
						},
						"0.5": {
							"vector": [0, 0, -85]
						},
						"0.875": {
							"vector": [0, 0, 210],
							"easing": "easeInOutCirc"
						}
					},
					"scale": {
						"0.0": {
							"vector": [1.5, 1.4, 1]
						},
						"0.5": {
							"vector": [1.5, 1.4, 1]
						},
						"0.6667": {
							"vector": [3.8, 4.7, 1],
							"easing": "easeInBounce"
						},
						"0.7083": {
							"vector": [1.5, 1.4, 1]
						}
					}
				}
			}
		},
		"walk": {
			"loop": true,
			"animation_length": 0.6667,
			"bones": {
				"Body": {
					"rotation": {
						"0.0": {
							"vector": [0, 0, 0]
						},
						"0.125": {
							"vector": [10, 0, 0],
							"easing": "easeInElastic"
						},
						"0.3333": {
							"vector": [0, 0, 0],
							"easing": "easeOutBack"
						},
						"0.4583": {
							"vector": [10, 0, 0],
							"easing": "easeInElastic"
						},
						"0.6667": {
							"vector": [0, 0, 0]
						}
					},
					"position": {
						"0.0": {
							"vector": [0, 1, -4]
						},
						"0.125": {
							"vector": [0, -1, -4]
						},
						"0.3333": {
							"vector": [0, 1, -4]
						},
						"0.4583": {
							"vector": [0, -1, -4]
						},
						"0.6667": {
							"vector": [0, 1, -4]
						}
					},
					"scale": {
						"0.0": {
							"vector": [1, 1, 1]
						},
						"0.3333": {
							"vector": [1, 1, 1]
						},
						"0.6667": {
							"vector": [1, 1, 1]
						}
					}
				},
				"jacket": {
					"rotation": {
						"0.0": {
							"vector": [0, 0, 0]
						},
						"0.6667": {
							"vector": [0, 0, 0]
						}
					},
					"position": {
						"0.0": {
							"vector": [0, 0, 0]
						},
						"0.6667": {
							"vector": [0, 0, 0]
						}
					},
					"scale": {
						"0.0": {
							"vector": [1, 1, 1]
						},
						"0.6667": {
							"vector": [1, 1, 1]
						}
					}
				},
				"head": {
					"rotation": {
						"0.0": {
							"vector": [0, 0, 0]
						},
						"0.125": {
							"vector": [-10, 0, 0]
						},
						"0.3333": {
							"vector": [0, 0, 0]
						},
						"0.4583": {
							"vector": [-10, 0, 0]
						},
						"0.6667": {
							"vector": [0, 0, 0]
						}
					},
					"position": {
						"0.0": {
							"vector": [0, 0, 0]
						},
						"0.125": {
							"vector": [0, -1, 0]
						},
						"0.3333": {
							"vector": [0, 0, 0]
						},
						"0.4583": {
							"vector": [0, -1, 0]
						},
						"0.6667": {
							"vector": [0, 0, 0]
						}
					},
					"scale": {
						"0.0": {
							"vector": [1, 1, 1]
						},
						"0.3333": {
							"vector": [1, 1, 1]
						},
						"0.6667": {
							"vector": [1, 1, 1]
						}
					}
				},
				"RightArm": {
					"rotation": {
						"0.0": {
							"vector": [-81.63266, -39.24819, -16.62965]
						},
						"0.125": {
							"vector": [-71.63266, -39.24819, -16.62965]
						},
						"0.3333": {
							"vector": [-81.63266, -39.24819, -16.62965]
						},
						"0.4583": {
							"vector": [-71.63266, -39.24819, -16.62965]
						},
						"0.6667": {
							"vector": [-81.63266, -39.24819, -16.62965]
						}
					},
					"position": {
						"0.0": {
							"vector": [0, -1, -2]
						},
						"0.125": {
							"vector": [0, -2, -2]
						},
						"0.3333": {
							"vector": [0, -1, -2]
						},
						"0.4583": {
							"vector": [0, -2, -2]
						},
						"0.6667": {
							"vector": [0, -1, -2]
						}
					},
					"scale": {
						"0.0": {
							"vector": [1, 1, 1]
						},
						"0.3333": {
							"vector": [1, 1, 1]
						},
						"0.6667": {
							"vector": [1, 1, 1]
						}
					}
				},
				"LeftArm": {
					"rotation": {
						"0.0": {
							"vector": [-182.75279, -1.93597, 14.87739]
						},
						"0.125": {
							"vector": [-212.75279, -1.93597, 14.87739]
						},
						"0.3333": {
							"vector": [-182.75279, -1.93597, 14.87739]
						},
						"0.4583": {
							"vector": [-212.75279, -1.93597, 14.87739]
						},
						"0.6667": {
							"vector": [-182.75279, -1.93597, 14.87739]
						}
					},
					"position": {
						"0.0": {
							"vector": [0, 0, 0]
						},
						"0.125": {
							"vector": [0, -2, 0],
							"easing": "easeInBack"
						},
						"0.3333": {
							"vector": [0, 0, 0]
						},
						"0.4583": {
							"vector": [0, -2, 0],
							"easing": "easeInBack"
						},
						"0.6667": {
							"vector": [0, 0, 0]
						}
					},
					"scale": {
						"0.0": {
							"vector": [1, 1, 1]
						},
						"0.3333": {
							"vector": [1, 1, 1]
						},
						"0.6667": {
							"vector": [1, 1, 1]
						}
					}
				},
				"hammer": {
					"rotation": {
						"0.0": {
							"vector": [0, 0, 0]
						},
						"0.6667": {
							"vector": [0, 0, 0]
						}
					},
					"position": {
						"0.0": {
							"vector": [0, 0, -3]
						},
						"0.6667": {
							"vector": [0, 0, -3]
						}
					},
					"scale": {
						"0.0": {
							"vector": [1, 1, 1]
						},
						"0.6667": {
							"vector": [1, 1, 1]
						}
					}
				},
				"RightLeg": {
					"rotation": {
						"0.0": {
							"vector": [30, 0, 0]
						},
						"0.125": {
							"vector": [95, 0, 0]
						},
						"0.3333": {
							"vector": [-57.5, 0, 0]
						},
						"0.4583": {
							"vector": [2.5, 0, 0],
							"easing": "easeInBack"
						},
						"0.6667": {
							"vector": [30, 0, 0]
						}
					},
					"position": {
						"0.0": {
							"vector": [0, 0, 0]
						},
						"0.125": {
							"vector": [0, -1, 0]
						},
						"0.3333": {
							"vector": [0, 0, 0]
						},
						"0.4583": {
							"vector": [0, 1, -3]
						},
						"0.6667": {
							"vector": [0, 0, 0]
						}
					},
					"scale": {
						"0.0": {
							"vector": [1, 1, 1]
						},
						"0.3333": {
							"vector": [1, 1, 1]
						},
						"0.6667": {
							"vector": [1, 1, 1]
						}
					}
				},
				"LeftLeg": {
					"rotation": {
						"0.0": {
							"vector": [-57.5, 0, 0]
						},
						"0.125": {
							"vector": [2.5, 0, 0],
							"easing": "easeInBack"
						},
						"0.3333": {
							"vector": [30, 0, 0],
							"easing": "easeOutBack",
							"easingArgs": [1.8]
						},
						"0.4583": {
							"vector": [95, 0, 0]
						},
						"0.6667": {
							"vector": [-57.5, 0, 0]
						}
					},
					"position": {
						"0.0": {
							"vector": [0, 0, 0]
						},
						"0.125": {
							"vector": [0, 1, -3]
						},
						"0.3333": {
							"vector": [0, 0, 0]
						},
						"0.4583": {
							"vector": [0, -1, 0]
						},
						"0.6667": {
							"vector": [0, 0, 0]
						}
					},
					"scale": {
						"0.0": {
							"vector": [1, 1, 1]
						},
						"0.3333": {
							"vector": [1, 1, 1]
						},
						"0.6667": {
							"vector": [1, 1, 1]
						}
					}
				},
				"blade": {
					"rotation": {
						"0.0": {
							"vector": [0, 0, 0]
						},
						"0.2083": {
							"vector": [0, 0, 35]
						},
						"0.375": {
							"vector": [0, 0, -57.73]
						},
						"0.5417": {
							"vector": [0, 0, 95.26]
						},
						"0.6667": {
							"vector": [0, 0, 0]
						}
					},
					"scale": {
						"vector": [1.6, 1.7, 1]
					}
				}
			}
		},
		"attack": {
			"animation_length": 0.3333,
			"bones": {
				"Body": {
					"rotation": {
						"0.0": {
							"vector": [0, 0, 0]
						},
						"0.125": {
							"vector": [10, 0, 0],
							"easing": "easeInElastic"
						},
						"0.3333": {
							"vector": [0, 0, 0],
							"easing": "easeOutBack"
						}
					},
					"position": {
						"0.0": {
							"vector": [0, 1, -4]
						},
						"0.125": {
							"vector": [0, -1, -4]
						},
						"0.3333": {
							"vector": [0, 1, -4]
						}
					},
					"scale": {
						"0.0": {
							"vector": [1, 1, 1]
						},
						"0.3333": {
							"vector": [1, 1, 1]
						}
					}
				},
				"jacket": {
					"rotation": {
						"vector": [0, 0, 0]
					},
					"position": {
						"vector": [0, 0, 0]
					},
					"scale": {
						"vector": [1, 1, 1]
					}
				},
				"head": {
					"rotation": {
						"0.0": {
							"vector": [12.5, 0, 0]
						},
						"0.125": {
							"vector": [-10, 0, 0]
						},
						"0.3333": {
							"vector": [0, 0, 0]
						}
					},
					"position": {
						"0.0": {
							"vector": [0, 0, 0]
						},
						"0.125": {
							"vector": [0, -1, 0]
						},
						"0.3333": {
							"vector": [0, 0, 0]
						}
					},
					"scale": {
						"0.0": {
							"vector": [1, 1, 1]
						},
						"0.3333": {
							"vector": [1, 1, 1]
						}
					}
				},
				"RightArm": {
					"rotation": {
						"0.0": {
							"vector": [-83.52929, 0.4482, -11.26231]
						},
						"0.125": {
							"vector": [-71.63266, -39.24819, -16.62965]
						},
						"0.3333": {
							"vector": [-82.84092, 25.2775, -8.24313]
						}
					},
					"position": {
						"0.0": {
							"vector": [0, -1, -2]
						},
						"0.125": {
							"vector": [0, -2, -2]
						},
						"0.3333": {
							"vector": [0, -1, -2]
						}
					},
					"scale": {
						"0.0": {
							"vector": [1, 1, 1]
						},
						"0.3333": {
							"vector": [1, 1, 1]
						}
					}
				},
				"LeftArm": {
					"rotation": {
						"0.0": {
							"vector": [-215.25279, -1.93597, 14.87739]
						},
						"0.125": {
							"vector": [14.74721, -1.93597, 14.87739],
							"easing": "easeInBack",
							"easingArgs": [1.5]
						},
						"0.3333": {
							"vector": [-182.75279, -1.93597, 14.87739]
						}
					},
					"position": {
						"0.0": {
							"vector": [0, 0, 0]
						},
						"0.3333": {
							"vector": [0, 0, 0]
						}
					},
					"scale": {
						"0.0": {
							"vector": [1, 1, 1]
						},
						"0.3333": {
							"vector": [1, 1, 1]
						}
					}
				},
				"hammer": {
					"rotation": {
						"vector": [0, 0, 0]
					},
					"position": {
						"vector": [0, 0, -4]
					},
					"scale": {
						"vector": [1, 1, 1]
					}
				},
				"RightLeg": {
					"rotation": {
						"0.0": {
							"vector": [30, 0, 0]
						},
						"0.125": {
							"vector": [95, 0, 0]
						},
						"0.3333": {
							"vector": [-57.5, 0, 0]
						}
					},
					"position": {
						"0.0": {
							"vector": [0, 0, 0]
						},
						"0.125": {
							"vector": [0, -1, 0]
						},
						"0.3333": {
							"vector": [0, 0, 0]
						}
					},
					"scale": {
						"0.0": {
							"vector": [1, 1, 1]
						},
						"0.3333": {
							"vector": [1, 1, 1]
						}
					}
				},
				"LeftLeg": {
					"rotation": {
						"0.0": {
							"vector": [-57.5, 0, 0]
						},
						"0.125": {
							"vector": [2.5, 0, 0],
							"easing": "easeInBack"
						},
						"0.3333": {
							"vector": [30, 0, 0],
							"easing": "easeOutBack",
							"easingArgs": [1.8]
						}
					},
					"position": {
						"0.0": {
							"vector": [0, 0, 0]
						},
						"0.125": {
							"vector": [0, 1, -3]
						},
						"0.3333": {
							"vector": [0, 0, 0]
						}
					},
					"scale": {
						"0.0": {
							"vector": [1, 1, 1]
						},
						"0.3333": {
							"vector": [1, 1, 1]
						}
					}
				},
				"blade": {
					"rotation": {
						"0.0": {
							"vector": [0, 0, -192.5]
						},
						"0.3333": {
							"vector": [0, 0, 152.5]
						}
					}
				}
			}
		},
		"idle": {
			"loop": true,
			"animation_length": 3,
			"bones": {
				"bb_main": {
					"rotation": {
						"0.0": {
							"vector": [0, 0, 0]
						},
						"3.0": {
							"vector": [0, 0, 0],
							"easing": "easeOutBack"
						}
					},
					"position": {
						"0.0": {
							"vector": [0, 0, 0]
						},
						"3.0": {
							"vector": [0, 0, 0],
							"easing": "easeOutBack"
						}
					},
					"scale": {
						"0.0": {
							"vector": [1, 1, 1]
						},
						"3.0": {
							"vector": [1, 1, 1],
							"easing": "easeOutBack"
						}
					}
				},
				"Body": {
					"rotation": {
						"0.0": {
							"vector": [0, 0, -2.5]
						},
						"1.4583": {
							"vector": [0, 0, 2.5],
							"easing": "easeOutBack",
							"easingArgs": [2]
						},
						"3.0": {
							"vector": [0, 0, -2.5],
							"easing": "easeOutBack"
						}
					},
					"position": {
						"0.0": {
							"vector": [0, 0, 0]
						},
						"3.0": {
							"vector": [0, 0, 0],
							"easing": "easeOutBack"
						}
					},
					"scale": {
						"0.0": {
							"vector": [1, 1, 1]
						},
						"3.0": {
							"vector": [1, 1, 1],
							"easing": "easeOutBack"
						}
					}
				},
				"jacket": {
					"rotation": {
						"vector": [0, 0, 0]
					},
					"position": {
						"vector": [0, 0, 0]
					},
					"scale": {
						"vector": [1, 1, 1]
					}
				},
				"head": {
					"rotation": {
						"0.0": {
							"vector": [0, 0, -12.5]
						},
						"1.4583": {
							"vector": [0, 0, -2.5],
							"easing": "easeOutBack",
							"easingArgs": [2]
						},
						"3.0": {
							"vector": [0, 0, -12.5],
							"easing": "easeOutBack"
						}
					},
					"position": {
						"0.0": {
							"vector": [0, 0, 0]
						},
						"3.0": {
							"vector": [0, 0, 0],
							"easing": "easeOutBack"
						}
					},
					"scale": {
						"0.0": {
							"vector": [1, 1, 1]
						},
						"3.0": {
							"vector": [1, 1, 1],
							"easing": "easeOutBack"
						}
					}
				},
				"RightArm": {
					"rotation": {
						"0.0": {
							"vector": [-44.87564, -42.05244, -6.82047]
						},
						"3.0": {
							"vector": [-44.87564, -42.05244, -6.82047],
							"easing": "easeOutBack"
						}
					},
					"position": {
						"0.0": {
							"vector": [0, 0, 0]
						},
						"3.0": {
							"vector": [0, 0, 0],
							"easing": "easeOutBack"
						}
					},
					"scale": {
						"0.0": {
							"vector": [1, 1, 1]
						},
						"3.0": {
							"vector": [1, 1, 1],
							"easing": "easeOutBack"
						}
					}
				},
				"LeftArm": {
					"rotation": {
						"0.0": {
							"vector": [-212.27829, -60.07764, 50.40134]
						},
						"1.4583": {
							"vector": [-202.27829, -60.07764, 50.40134],
							"easing": "easeOutBack"
						},
						"3.0": {
							"vector": [-212.27829, -60.07764, 50.40134],
							"easing": "easeOutBack"
						}
					},
					"position": {
						"0.0": {
							"vector": [1, -2, 0]
						},
						"1.4583": {
							"vector": [1, -4, 0]
						},
						"3.0": {
							"vector": [1, -2, 0],
							"easing": "easeOutBack"
						}
					},
					"scale": {
						"0.0": {
							"vector": [1, 1, 1]
						},
						"3.0": {
							"vector": [1, 1, 1],
							"easing": "easeOutBack"
						}
					}
				},
				"axe_rig": {
					"rotation": {
						"0.0": {
							"vector": [0, 0, 0]
						},
						"3.0": {
							"vector": [0, 0, 0],
							"easing": "easeOutBack"
						}
					},
					"position": {
						"0.0": {
							"vector": [0, 0, 0]
						},
						"3.0": {
							"vector": [0, 0, 0],
							"easing": "easeOutBack"
						}
					},
					"scale": {
						"0.0": {
							"vector": [1, 1, 1]
						},
						"3.0": {
							"vector": [1, 1, 1],
							"easing": "easeOutBack"
						}
					}
				},
				"hammer": {
					"rotation": {
						"0.0": {
							"vector": [0, 0, 0]
						},
						"3.0": {
							"vector": [0, 0, 0]
						}
					},
					"position": {
						"0.0": {
							"vector": [0, 0, -1]
						},
						"3.0": {
							"vector": [0, 0, -1]
						}
					},
					"scale": {
						"0.0": {
							"vector": [1, 1, 1]
						},
						"3.0": {
							"vector": [1, 1, 1]
						}
					}
				},
				"RightLeg": {
					"rotation": {
						"0.0": {
							"vector": [0, 0, 5]
						},
						"1.4583": {
							"vector": [0, 0, 2.5]
						},
						"3.0": {
							"vector": [0, 0, 5],
							"easing": "easeOutBack"
						}
					},
					"position": {
						"0.0": {
							"vector": [0, 0, 0]
						},
						"3.0": {
							"vector": [0, 0, 0],
							"easing": "easeOutBack"
						}
					},
					"scale": {
						"0.0": {
							"vector": [1, 1, 1]
						},
						"3.0": {
							"vector": [1, 1, 1],
							"easing": "easeOutBack"
						}
					}
				},
				"LeftLeg": {
					"rotation": {
						"0.0": {
							"vector": [0, 0, 0]
						},
						"1.4583": {
							"vector": [0, 0, -5]
						},
						"3.0": {
							"vector": [0, 0, 0],
							"easing": "easeOutBack"
						}
					},
					"position": {
						"0.0": {
							"vector": [0, 0, 0]
						},
						"3.0": {
							"vector": [0, 0, 0],
							"easing": "easeOutBack"
						}
					},
					"scale": {
						"0.0": {
							"vector": [1, 1, 1]
						},
						"3.0": {
							"vector": [1, 1, 1],
							"easing": "easeOutBack"
						}
					}
				}
			}
		},
		"spin2": {
			"animation_length": 0.875,
			"override_previous_animation": true,
			"bones": {
				"bb_main": {
					"rotation": {
						"vector": [0, 0, 0]
					},
					"position": {
						"vector": [0, 0, 0]
					},
					"scale": {
						"vector": [1, 1, 1]
					}
				},
				"Body": {
					"rotation": {
						"0.0": {
							"vector": [0, 0, -2.5]
						},
						"0.5": {
							"vector": [15, 45, -2.5]
						},
						"0.7083": {
							"vector": [10.98779, -16.22047, -16.33299],
							"easing": "easeOutBack",
							"easingArgs": [2]
						}
					},
					"position": {
						"vector": [0, 0, 0]
					},
					"scale": {
						"vector": [1, 1, 1]
					}
				},
				"jacket": {
					"rotation": {
						"vector": [0, 0, 0]
					},
					"position": {
						"vector": [0, 0, 0]
					},
					"scale": {
						"vector": [1, 1, 1]
					}
				},
				"head": {
					"rotation": {
						"0.0": {
							"vector": [0, 0, -12.5]
						},
						"0.5": {
							"vector": [-23.90077, -48.4326, 17.9433]
						},
						"0.7083": {
							"vector": [-12.06842, 13.54085, 17.35268],
							"easing": "easeOutBack",
							"easingArgs": [2]
						}
					},
					"position": {
						"vector": [0, 0, 0]
					},
					"scale": {
						"vector": [1, 1, 1]
					}
				},
				"RightArm": {
					"rotation": {
						"0.0": {
							"vector": [-44.87564, -42.05244, -6.82047]
						},
						"0.5": {
							"vector": [-23.39988, -36.64205, 18.18661]
						},
						"0.7083": {
							"vector": [-95.89988, -36.64205, 18.18661]
						}
					},
					"position": {
						"vector": [0, 0, 0]
					},
					"scale": {
						"vector": [1, 1, 1]
					}
				},
				"LeftArm": {
					"rotation": {
						"0.0": {
							"vector": [-212.27829, -60.07764, 50.40134]
						},
						"0.3333": {
							"vector": [-76.88546, -27.32141, -30.21491]
						},
						"0.5": {
							"vector": [-110.43905, -10.94329, -70.52303]
						},
						"0.7083": {
							"vector": [77.25354, -4.45776, -35.78656],
							"easing": "easeOutBack",
							"easingArgs": [2]
						}
					},
					"position": {
						"0.0": {
							"vector": [1, -2, 0]
						},
						"0.5": {
							"vector": [-1, -2, -2]
						},
						"0.7083": {
							"vector": [0, 0, 0],
							"easing": "easeOutBack",
							"easingArgs": [2]
						}
					},
					"scale": {
						"vector": [1, 1, 1]
					}
				},
				"axe_rig": {
					"rotation": {
						"vector": [0, 0, 0]
					},
					"position": {
						"vector": [0, 0, 0]
					},
					"scale": {
						"vector": [1, 1, 1]
					}
				},
				"hammer": {
					"rotation": {
						"vector": [0, 0, 0]
					},
					"position": {
						"0.0": {
							"vector": [0, 0, 0]
						},
						"0.5": {
							"vector": [0, 0, -4]
						}
					},
					"scale": {
						"vector": [1, 1, 1]
					}
				},
				"RightLeg": {
					"rotation": {
						"0.0": {
							"vector": [0, 0, 5]
						},
						"0.25": {
							"vector": [-46.69216, 0, 5],
							"easing": "easeInBack"
						},
						"0.5": {
							"vector": [-15, 0, 5]
						},
						"0.7083": {
							"vector": [-13.36965, 6.86379, 31.69458],
							"easing": "easeOutBack",
							"easingArgs": [2]
						}
					},
					"position": {
						"0.0": {
							"vector": [0, 0, 0]
						},
						"0.25": {
							"vector": [0, 2, -1.05],
							"easing": "easeInBack"
						},
						"0.5": {
							"vector": [0, 1, -3]
						},
						"0.7083": {
							"vector": [0, 1, -1],
							"easing": "easeOutBack",
							"easingArgs": [2]
						}
					},
					"scale": {
						"vector": [1, 1, 1]
					}
				},
				"LeftLeg": {
					"rotation": {
						"vector": [0, 0, 0]
					},
					"position": {
						"vector": [0, 0, 0]
					},
					"scale": {
						"vector": [1, 1, 1]
					}
				},
				"blade": {
					"rotation": {
						"0.0": {
							"vector": [0, 0, 0]
						},
						"0.5": {
							"vector": [0, 0, -170]
						},
						"0.8333": {
							"vector": [0, 0, 187.5],
							"easing": "easeInOutBack"
						}
					},
					"scale": {
						"0.0": {
							"vector": [1, 1, 1]
						},
						"0.5": {
							"vector": [1.8, 1.6, 1]
						}
					}
				}
			}
		},
		"stunned": {
			"animation_length": 1.7917,
			"bones": {
				"bb_main": {
					"rotation": {
						"vector": [0, 0, 0]
					},
					"position": {
						"vector": [0, 0, 0]
					},
					"scale": {
						"vector": [1, 1, 1]
					}
				},
				"Body": {
					"rotation": {
						"0.0": {
							"vector": [0, 0, 0]
						},
						"0.25": {
							"vector": [47.5, 0, 0]
						}
					},
					"position": {
						"0.0": {
							"vector": [0, 0, 0]
						},
						"0.0833": {
							"vector": [0, 0, 3],
							"easing": "easeOutBack",
							"easingArgs": [2]
						},
						"0.1667": {
							"vector": [0, 0, 0]
						}
					},
					"scale": {
						"vector": [1, 1, 1]
					}
				},
				"jacket": {
					"rotation": {
						"vector": [0, 0, 0]
					},
					"position": {
						"vector": [0, 0, 0]
					},
					"scale": {
						"vector": [1, 1, 1]
					}
				},
				"head": {
					"rotation": {
						"0.0": {
							"vector": [0, 0, 0]
						},
						"0.25": {
							"vector": [105, 0, 0],
							"easing": "easeInBack",
							"easingArgs": [2]
						}
					},
					"position": {
						"vector": [0, 0, 0]
					},
					"scale": {
						"vector": [1, 1, 1]
					}
				},
				"RightArm": {
					"rotation": {
						"0.0": {
							"vector": [0, 0, 0]
						},
						"0.25": {
							"vector": [-12.49325, -15.74419, -50.76588],
							"easing": "easeInBack",
							"easingArgs": [2]
						}
					},
					"position": {
						"vector": [0, 0, 0]
					},
					"scale": {
						"vector": [1, 1, 1]
					}
				},
				"LeftArm": {
					"rotation": {
						"0.0": {
							"vector": [0, 0, 0]
						},
						"0.25": {
							"vector": [-20, 0, 0],
							"easing": "easeInBack",
							"easingArgs": [2]
						}
					},
					"position": {
						"vector": [0, 0, 0]
					},
					"scale": {
						"vector": [1, 1, 1]
					}
				},
				"axe_rig": {
					"rotation": {
						"0.0": {
							"vector": [0, 0, 0]
						},
						"0.25": {
							"vector": [50, 0, 0],
							"easing": "easeInBack",
							"easingArgs": [2]
						}
					},
					"position": {
						"vector": [0, 0, 0]
					},
					"scale": {
						"vector": [1, 1, 1]
					}
				},
				"RightLeg": {
					"rotation": {
						"0.0": {
							"vector": [0, 0, 0]
						},
						"0.25": {
							"vector": [-50, 0, 0],
							"easing": "easeInBack",
							"easingArgs": [2]
						}
					},
					"position": {
						"vector": [0, 0, 0]
					},
					"scale": {
						"vector": [1, 1, 1]
					}
				},
				"LeftLeg": {
					"rotation": {
						"0.0": {
							"vector": [0, 0, 0]
						},
						"0.25": {
							"vector": [-50, 0, 0],
							"easing": "easeInBack",
							"easingArgs": [2]
						}
					},
					"position": {
						"vector": [0, 0, 0]
					},
					"scale": {
						"vector": [1, 1, 1]
					}
				}
			}
		},
		"idle2": {
			"animation_length": 7.125,
			"bones": {
				"bb_main": {
					"rotation": {
						"0.0": {
							"vector": [0, 0, 0]
						},
						"3.0": {
							"vector": [0, 0, 0],
							"easing": "easeOutBack"
						},
						"3.4167": {
							"vector": [0, 0, 0]
						}
					},
					"position": {
						"0.0": {
							"vector": [0, 0, 0]
						},
						"3.0": {
							"vector": [0, 0, 0],
							"easing": "easeOutBack"
						},
						"3.4167": {
							"vector": [0, 0, 0]
						}
					},
					"scale": {
						"0.0": {
							"vector": [1, 1, 1]
						},
						"3.0": {
							"vector": [1, 1, 1],
							"easing": "easeOutBack"
						},
						"3.4167": {
							"vector": [1, 1, 1]
						}
					}
				},
				"Body": {
					"rotation": {
						"0.0": {
							"vector": [0, 0, -2.5]
						},
						"1.4583": {
							"vector": [0, 0, 2.5],
							"easing": "easeOutBack",
							"easingArgs": [2]
						},
						"3.0": {
							"vector": [0, 0, -2.5],
							"easing": "easeOutBack"
						},
						"3.375": {
							"vector": [0, 0, 0]
						},
						"3.5": {
							"vector": [10, 0, 0],
							"easing": "easeInElastic"
						},
						"3.7083": {
							"vector": [0, 0, 0],
							"easing": "easeOutBack"
						},
						"3.8333": {
							"vector": [10, 0, 0],
							"easing": "easeInElastic"
						},
						"4.0417": {
							"vector": [0, 0, 0]
						},
						"4.375": {
							"vector": [0, 0, -2.5]
						},
						"4.875": {
							"vector": [15, 45, -2.5]
						},
						"5.0833": {
							"vector": [10.98779, -16.22047, -16.33299],
							"easing": "easeOutBack",
							"easingArgs": [2]
						}
					},
					"position": {
						"0.0": {
							"vector": [0, 0, 0]
						},
						"3.0": {
							"vector": [0, 0, 0],
							"easing": "easeOutBack"
						},
						"3.375": {
							"vector": [0, 1, -4]
						},
						"3.5": {
							"vector": [0, -1, -4]
						},
						"3.7083": {
							"vector": [0, 1, -4]
						},
						"3.8333": {
							"vector": [0, -1, -4]
						},
						"4.0417": {
							"vector": [0, 1, -4]
						},
						"4.375": {
							"vector": [0, 0, 0]
						}
					},
					"scale": {
						"0.0": {
							"vector": [1, 1, 1]
						},
						"3.0": {
							"vector": [1, 1, 1],
							"easing": "easeOutBack"
						},
						"3.375": {
							"vector": [1, 1, 1]
						},
						"3.7083": {
							"vector": [1, 1, 1]
						},
						"4.0417": {
							"vector": [1, 1, 1]
						},
						"4.375": {
							"vector": [1, 1, 1]
						}
					}
				},
				"jacket": {
					"rotation": {
						"0.0": {
							"vector": [0, 0, 0]
						},
						"3.375": {
							"vector": [0, 0, 0]
						},
						"4.0417": {
							"vector": [0, 0, 0]
						},
						"4.375": {
							"vector": [0, 0, 0]
						}
					},
					"position": {
						"0.0": {
							"vector": [0, 0, 0]
						},
						"3.375": {
							"vector": [0, 0, 0]
						},
						"4.0417": {
							"vector": [0, 0, 0]
						},
						"4.375": {
							"vector": [0, 0, 0]
						}
					},
					"scale": {
						"0.0": {
							"vector": [1, 1, 1]
						},
						"3.375": {
							"vector": [1, 1, 1]
						},
						"4.0417": {
							"vector": [1, 1, 1]
						},
						"4.375": {
							"vector": [1, 1, 1]
						}
					}
				},
				"head": {
					"rotation": {
						"0.0": {
							"vector": [0, 0, -12.5]
						},
						"1.4583": {
							"vector": [0, 0, -2.5],
							"easing": "easeOutBack",
							"easingArgs": [2]
						},
						"3.0": {
							"vector": [0, 0, -12.5],
							"easing": "easeOutBack"
						},
						"3.375": {
							"vector": [0, 0, 0]
						},
						"3.5": {
							"vector": [-10, 0, 0]
						},
						"3.7083": {
							"vector": [0, 0, 0]
						},
						"3.8333": {
							"vector": [-10, 0, 0]
						},
						"4.0417": {
							"vector": [0, 0, 0]
						},
						"4.375": {
							"vector": [0, 0, -12.5]
						},
						"4.875": {
							"vector": [-23.90077, -48.4326, 17.9433]
						},
						"5.0833": {
							"vector": [-12.06842, 13.54085, 17.35268],
							"easing": "easeOutBack",
							"easingArgs": [2]
						}
					},
					"position": {
						"0.0": {
							"vector": [0, 0, 0]
						},
						"3.0": {
							"vector": [0, 0, 0],
							"easing": "easeOutBack"
						},
						"3.375": {
							"vector": [0, 0, 0]
						},
						"3.5": {
							"vector": [0, -1, 0]
						},
						"3.7083": {
							"vector": [0, 0, 0]
						},
						"3.8333": {
							"vector": [0, -1, 0]
						},
						"4.0417": {
							"vector": [0, 0, 0]
						},
						"4.375": {
							"vector": [0, 0, 0]
						}
					},
					"scale": {
						"0.0": {
							"vector": [1, 1, 1]
						},
						"3.0": {
							"vector": [1, 1, 1],
							"easing": "easeOutBack"
						},
						"3.375": {
							"vector": [1, 1, 1]
						},
						"3.7083": {
							"vector": [1, 1, 1]
						},
						"4.0417": {
							"vector": [1, 1, 1]
						},
						"4.375": {
							"vector": [1, 1, 1]
						}
					}
				},
				"RightArm": {
					"rotation": {
						"0.0": {
							"vector": [-44.87564, -42.05244, -6.82047]
						},
						"3.0": {
							"vector": [-44.87564, -42.05244, -6.82047],
							"easing": "easeOutBack"
						},
						"3.375": {
							"vector": [-81.63266, -39.24819, -16.62965]
						},
						"3.5": {
							"vector": [-71.63266, -39.24819, -16.62965]
						},
						"3.7083": {
							"vector": [-81.63266, -39.24819, -16.62965]
						},
						"3.8333": {
							"vector": [-71.63266, -39.24819, -16.62965]
						},
						"4.0417": {
							"vector": [-81.63266, -39.24819, -16.62965]
						},
						"4.375": {
							"vector": [-44.87564, -42.05244, -6.82047]
						},
						"4.875": {
							"vector": [-23.39988, -36.64205, 18.18661]
						},
						"5.0833": {
							"vector": [-95.89988, -36.64205, 18.18661]
						}
					},
					"position": {
						"0.0": {
							"vector": [0, 0, 0]
						},
						"3.0": {
							"vector": [0, 0, 0],
							"easing": "easeOutBack"
						},
						"3.375": {
							"vector": [0, -1, -2]
						},
						"3.5": {
							"vector": [0, -2, -2]
						},
						"3.7083": {
							"vector": [0, -1, -2]
						},
						"3.8333": {
							"vector": [0, -2, -2]
						},
						"4.0417": {
							"vector": [0, -1, -2]
						},
						"4.375": {
							"vector": [0, 0, 0]
						}
					},
					"scale": {
						"0.0": {
							"vector": [1, 1, 1]
						},
						"3.0": {
							"vector": [1, 1, 1],
							"easing": "easeOutBack"
						},
						"3.375": {
							"vector": [1, 1, 1]
						},
						"3.7083": {
							"vector": [1, 1, 1]
						},
						"4.0417": {
							"vector": [1, 1, 1]
						},
						"4.375": {
							"vector": [1, 1, 1]
						}
					}
				},
				"LeftArm": {
					"rotation": {
						"0.0": {
							"vector": [-212.27829, -60.07764, 50.40134]
						},
						"1.4583": {
							"vector": [-202.27829, -60.07764, 50.40134],
							"easing": "easeOutBack"
						},
						"3.0": {
							"vector": [-212.27829, -60.07764, 50.40134],
							"easing": "easeOutBack"
						},
						"3.375": {
							"vector": [-182.75279, -1.93597, 14.87739]
						},
						"3.5": {
							"vector": [-212.75279, -1.93597, 14.87739]
						},
						"3.7083": {
							"vector": [-182.75279, -1.93597, 14.87739]
						},
						"3.8333": {
							"vector": [-212.75279, -1.93597, 14.87739]
						},
						"4.0417": {
							"vector": [-182.75279, -1.93597, 14.87739]
						},
						"4.375": {
							"vector": [-212.27829, -60.07764, 50.40134]
						},
						"4.7083": {
							"vector": [-76.88546, -27.32141, -30.21491]
						},
						"4.875": {
							"vector": [-110.43905, -10.94329, -70.52303]
						},
						"5.0833": {
							"vector": [82.06095, -10.94329, -70.52303],
							"easing": "easeOutBack",
							"easingArgs": [2]
						}
					},
					"position": {
						"0.0": {
							"vector": [1, -2, 0]
						},
						"1.4583": {
							"vector": [1, -4, 0]
						},
						"3.0": {
							"vector": [1, -2, 0],
							"easing": "easeOutBack"
						},
						"3.375": {
							"vector": [0, 0, 0]
						},
						"3.5": {
							"vector": [0, -2, 0],
							"easing": "easeInBack"
						},
						"3.7083": {
							"vector": [0, 0, 0]
						},
						"3.8333": {
							"vector": [0, -2, 0],
							"easing": "easeInBack"
						},
						"4.0417": {
							"vector": [0, 0, 0]
						},
						"4.375": {
							"vector": [1, -2, 0]
						},
						"4.875": {
							"vector": [-1, -2, -2]
						},
						"5.0833": {
							"vector": [0, 0, 0],
							"easing": "easeOutBack",
							"easingArgs": [2]
						}
					},
					"scale": {
						"0.0": {
							"vector": [1, 1, 1]
						},
						"3.0": {
							"vector": [1, 1, 1],
							"easing": "easeOutBack"
						},
						"3.375": {
							"vector": [1, 1, 1]
						},
						"3.7083": {
							"vector": [1, 1, 1]
						},
						"4.0417": {
							"vector": [1, 1, 1]
						},
						"4.375": {
							"vector": [1, 1, 1]
						}
					}
				},
				"axe_rig": {
					"rotation": {
						"0.0": {
							"vector": [0, 0, 0]
						},
						"3.0": {
							"vector": [0, 0, 0],
							"easing": "easeOutBack"
						},
						"4.375": {
							"vector": [0, 0, 0]
						}
					},
					"position": {
						"0.0": {
							"vector": [0, 0, 0]
						},
						"3.0": {
							"vector": [0, 0, 0],
							"easing": "easeOutBack"
						},
						"4.375": {
							"vector": [0, 0, 0]
						}
					},
					"scale": {
						"0.0": {
							"vector": [1, 1, 1]
						},
						"3.0": {
							"vector": [1, 1, 1],
							"easing": "easeOutBack"
						},
						"4.375": {
							"vector": [1, 1, 1]
						}
					}
				},
				"hammer": {
					"rotation": {
						"0.0": {
							"vector": [0, 0, 0]
						},
						"3.0": {
							"vector": [0, 0, 0],
							"easing": "easeOutBack"
						},
						"3.375": {
							"vector": [0, 0, 0]
						},
						"4.0417": {
							"vector": [0, 0, 0]
						},
						"4.375": {
							"vector": [0, 0, 0]
						}
					},
					"position": {
						"0.0": {
							"vector": [0, 0, 0]
						},
						"3.0": {
							"vector": [0, 0, 0],
							"easing": "easeOutBack"
						},
						"3.375": {
							"vector": [0, 0, -3]
						},
						"4.0417": {
							"vector": [0, 0, -3]
						},
						"4.375": {
							"vector": [0, 0, 0]
						},
						"4.875": {
							"vector": [0, 0, -4]
						}
					},
					"scale": {
						"0.0": {
							"vector": [1, 1, 1]
						},
						"3.0": {
							"vector": [1, 1, 1],
							"easing": "easeOutBack"
						},
						"3.375": {
							"vector": [1, 1, 1]
						},
						"4.0417": {
							"vector": [1, 1, 1]
						},
						"4.375": {
							"vector": [1, 1, 1]
						}
					}
				},
				"RightLeg": {
					"rotation": {
						"0.0": {
							"vector": [0, 0, 5]
						},
						"1.4583": {
							"vector": [0, 0, 2.5]
						},
						"3.0": {
							"vector": [0, 0, 5],
							"easing": "easeOutBack"
						},
						"3.375": {
							"vector": [30, 0, 0]
						},
						"3.5": {
							"vector": [95, 0, 0]
						},
						"3.7083": {
							"vector": [-57.5, 0, 0]
						},
						"3.8333": {
							"vector": [2.5, 0, 0],
							"easing": "easeInBack"
						},
						"4.0417": {
							"vector": [30, 0, 0]
						},
						"4.375": {
							"vector": [0, 0, 5]
						},
						"4.625": {
							"vector": [-46.69216, 0, 5],
							"easing": "easeInBack"
						},
						"4.875": {
							"vector": [-15, 0, 5]
						},
						"5.0833": {
							"vector": [-13.36965, 6.86379, 31.69458],
							"easing": "easeOutBack",
							"easingArgs": [2]
						}
					},
					"position": {
						"0.0": {
							"vector": [0, 0, 0]
						},
						"3.0": {
							"vector": [0, 0, 0],
							"easing": "easeOutBack"
						},
						"3.375": {
							"vector": [0, 0, 0]
						},
						"3.5": {
							"vector": [0, -1, 0]
						},
						"3.7083": {
							"vector": [0, 0, 0]
						},
						"3.8333": {
							"vector": [0, 1, -3]
						},
						"4.0417": {
							"vector": [0, 0, 0]
						},
						"4.375": {
							"vector": [0, 0, 0]
						},
						"4.625": {
							"vector": [0, 2, -1.05],
							"easing": "easeInBack"
						},
						"4.875": {
							"vector": [0, 1, -3]
						},
						"5.0833": {
							"vector": [0, 1, -1],
							"easing": "easeOutBack",
							"easingArgs": [2]
						}
					},
					"scale": {
						"0.0": {
							"vector": [1, 1, 1]
						},
						"3.0": {
							"vector": [1, 1, 1],
							"easing": "easeOutBack"
						},
						"3.375": {
							"vector": [1, 1, 1]
						},
						"3.7083": {
							"vector": [1, 1, 1]
						},
						"4.0417": {
							"vector": [1, 1, 1]
						},
						"4.375": {
							"vector": [1, 1, 1]
						}
					}
				},
				"LeftLeg": {
					"rotation": {
						"0.0": {
							"vector": [0, 0, 0]
						},
						"1.4583": {
							"vector": [0, 0, -5]
						},
						"3.0": {
							"vector": [0, 0, 0],
							"easing": "easeOutBack"
						},
						"3.375": {
							"vector": [-57.5, 0, 0]
						},
						"3.5": {
							"vector": [2.5, 0, 0],
							"easing": "easeInBack"
						},
						"3.7083": {
							"vector": [30, 0, 0],
							"easing": "easeOutBack",
							"easingArgs": [1.8]
						},
						"3.8333": {
							"vector": [95, 0, 0]
						},
						"4.0417": {
							"vector": [-57.5, 0, 0]
						},
						"4.375": {
							"vector": [0, 0, 0]
						}
					},
					"position": {
						"0.0": {
							"vector": [0, 0, 0]
						},
						"3.0": {
							"vector": [0, 0, 0],
							"easing": "easeOutBack"
						},
						"3.375": {
							"vector": [0, 0, 0]
						},
						"3.5": {
							"vector": [0, 1, -3]
						},
						"3.7083": {
							"vector": [0, 0, 0]
						},
						"3.8333": {
							"vector": [0, -1, 0]
						},
						"4.0417": {
							"vector": [0, 0, 0]
						},
						"4.375": {
							"vector": [0, 0, 0]
						}
					},
					"scale": {
						"0.0": {
							"vector": [1, 1, 1]
						},
						"3.0": {
							"vector": [1, 1, 1],
							"easing": "easeOutBack"
						},
						"3.375": {
							"vector": [1, 1, 1]
						},
						"3.7083": {
							"vector": [1, 1, 1]
						},
						"4.0417": {
							"vector": [1, 1, 1]
						},
						"4.375": {
							"vector": [1, 1, 1]
						}
					}
				}
			}
		}
	},
	"geckolib_format_version": 2
}