{
	"format_version": "1.8.0",
	"animations": {
		"idle": {
			"loop": true,
			"animation_length": 1.33333,
			"bones": {
				"body": {
					"rotation": {
						"0.0": {
							"vector": [2.4905, 0.21782, -4.99527]
						},
						"0.3333": {
							"vector": [-2.4905, 0.21782, 4.99527],
							"easing": "easeInBack"
						},
						"0.6667": {
							"vector": [2.4905, -0.21782, 4.99527]
						},
						"1.0": {
							"vector": [-2.4905, -0.21782, -4.99527],
							"easing": "easeInBack"
						},
						"1.3333": {
							"vector": [2.4905, 0.21782, -4.99527]
						}
					},
					"position": {
						"0.0": {
							"vector": [-0.3, 0, 0]
						},
						"0.3333": {
							"vector": [0.3, -2, 0],
							"easing": "easeInOutQuad"
						},
						"0.6667": {
							"vector": [0.3, 0, 0],
							"easing": "easeOutSine"
						},
						"1.0": {
							"vector": [-0.3, -2, 0],
							"easing": "easeInOutSine"
						},
						"1.3333": {
							"vector": [-0.3, 0, 0],
							"easing": "easeOutSine"
						}
					}
				},
				"arm1": {
					"rotation": {
						"0.0": {
							"vector": [12.5, 0, 0]
						},
						"0.3333": {
							"vector": [-5, 0, 0],
							"easing": "easeInOutBack"
						},
						"0.6667": {
							"vector": [12.5, 0, 0]
						},
						"1.0": {
							"vector": [-5, 0, 0],
							"easing": "easeInOutBack"
						},
						"1.3333": {
							"vector": [12.5, 0, 0]
						}
					},
					"position": {
						"0.0": {
							"vector": [0, 1, 0]
						},
						"0.3333": {
							"vector": [0, 0, 0]
						},
						"0.6667": {
							"vector": [0, 1, 0]
						},
						"1.0": {
							"vector": [0, 0, 0]
						},
						"1.3333": {
							"vector": [0, 1, 0]
						}
					}
				},
				"arm2": {
					"rotation": {
						"0.0": {
							"vector": [15, 0, 0]
						},
						"0.3333": {
							"vector": [-2.5, 0, 0],
							"easing": "easeInOutBack"
						},
						"0.6667": {
							"vector": [15, 0, 0]
						},
						"1.0": {
							"vector": [-2.5, 0, 0],
							"easing": "easeInOutBack"
						},
						"1.3333": {
							"vector": [15, 0, 0]
						}
					},
					"position": {
						"0.0": {
							"vector": [0, 1, 0]
						},
						"0.6667": {
							"vector": [0, 1, 0]
						},
						"1.3333": {
							"vector": [0, 1, 0]
						}
					}
				},
				"arm3": {
					"rotation": {
						"0.0": {
							"vector": [27.5, 0, 0]
						},
						"0.3333": {
							"vector": [12.5, 0, 0],
							"easing": "easeInOutBack"
						},
						"0.6667": {
							"vector": [27.5, 0, 0]
						},
						"1.0": {
							"vector": [12.5, 0, 0],
							"easing": "easeInOutBack"
						},
						"1.3333": {
							"vector": [27.5, 0, 0]
						}
					},
					"position": {
						"0.0": {
							"vector": [0, 1, 0]
						},
						"0.3333": {
							"vector": [0, 0, 0]
						},
						"0.6667": {
							"vector": [0, 1, 0]
						},
						"1.0": {
							"vector": [0, 0, 0]
						},
						"1.3333": {
							"vector": [0, 1, 0]
						}
					}
				},
				"arm4": {
					"rotation": {
						"0.0": {
							"vector": [22.5, 0, 0]
						},
						"0.3333": {
							"vector": [10, 0, 0],
							"easing": "easeInOutBack"
						},
						"0.6667": {
							"vector": [22.5, 0, 0]
						},
						"1.0": {
							"vector": [10, 0, 0],
							"easing": "easeInOutBack"
						},
						"1.3333": {
							"vector": [22.5, 0, 0]
						}
					},
					"position": {
						"0.0": {
							"vector": [0, 1, 0]
						},
						"0.3333": {
							"vector": [0, 0, 0]
						},
						"0.6667": {
							"vector": [0, 1, 0]
						},
						"1.0": {
							"vector": [0, 0, 0]
						},
						"1.3333": {
							"vector": [0, 1, 0]
						}
					}
				},
				"arm5": {
					"rotation": {
						"0.0": {
							"vector": [32.90921, -19.09208, 26.81303]
						},
						"0.3333": {
							"vector": [22.90921, -19.09208, 26.81303],
							"easing": "easeInOutBack"
						},
						"0.6667": {
							"vector": [32.90921, -19.09208, 26.81303]
						},
						"1.0": {
							"vector": [22.90921, -19.09208, 26.81303],
							"easing": "easeInOutBack"
						},
						"1.3333": {
							"vector": [32.90921, -19.09208, 26.81303]
						}
					},
					"position": {
						"0.0": {
							"vector": [0, 1, 0]
						},
						"0.6667": {
							"vector": [0, 1, 0]
						},
						"1.3333": {
							"vector": [0, 1, 0]
						}
					}
				},
				"arm6": {
					"rotation": {
						"0.0": {
							"vector": [44.06852, 19.90349, -19.37626]
						},
						"0.3333": {
							"vector": [34.06852, 19.90349, -19.37626],
							"easing": "easeInOutBack"
						},
						"0.6667": {
							"vector": [44.06852, 19.90349, -19.37626]
						},
						"1.0": {
							"vector": [34.06852, 19.90349, -19.37626],
							"easing": "easeInOutBack"
						},
						"1.3333": {
							"vector": [44.06852, 19.90349, -19.37626]
						}
					},
					"position": {
						"0.0": {
							"vector": [0, 1, 0]
						},
						"0.3333": {
							"vector": [0, 0, 0]
						},
						"0.6667": {
							"vector": [0, 1, 0]
						},
						"1.0": {
							"vector": [0, 0, 0]
						},
						"1.3333": {
							"vector": [0, 1, 0]
						}
					}
				},
				"head": {
					"rotation": {
						"0.0": {
							"vector": [7.5, 0, 0]
						},
						"0.3333": {
							"vector": [0, 0, 0],
							"easing": "easeInSine"
						},
						"0.6667": {
							"vector": [7.5, 0, 0]
						},
						"1.0": {
							"vector": [0, 0, 0],
							"easing": "easeInSine"
						},
						"1.3333": {
							"vector": [7.5, 0, 0]
						}
					},
					"position": {
						"0.0": {
							"vector": [0, 0, 0]
						},
						"0.3333": {
							"vector": [0, -1, 0],
							"easing": "easeInBack"
						},
						"0.6667": {
							"vector": [0, 0, 0]
						},
						"1.0": {
							"vector": [0, -1, 0],
							"easing": "easeInBack"
						},
						"1.3333": {
							"vector": [0, 0, 0]
						}
					}
				},
				"downhalf": {
					"rotation": {
						"0.0": {
							"vector": [-7.5, 0, 0]
						},
						"0.3333": {
							"vector": [-12.5, 0, 0],
							"easing": "easeInBack"
						},
						"0.6667": {
							"vector": [-7.5, 0, 0]
						},
						"1.0": {
							"vector": [-12.5, 0, 0],
							"easing": "easeInBack"
						},
						"1.3333": {
							"vector": [-7.5, 0, 0]
						}
					}
				},
				"spine": {
					"rotation": {
						"0.0": {
							"vector": [-2.5, 0, 0]
						},
						"0.0417": {
							"vector": [5, 0, 0]
						},
						"0.3333": {
							"vector": [5, 0, 0]
						},
						"0.375": {
							"vector": [-2.5, 0, 0]
						},
						"0.6667": {
							"vector": [-2.5, 0, 0]
						},
						"1.0": {
							"vector": [5, 0, 0]
						},
						"1.0417": {
							"vector": [-2.5, 0, 0]
						},
						"1.3333": {
							"vector": [-2.5, 0, 0]
						}
					},
					"position": {
						"0.0": {
							"vector": [0, -0.5, 0]
						},
						"0.3333": {
							"vector": [0, -0.5, 0]
						},
						"0.6667": {
							"vector": [0, -0.5, 0]
						},
						"1.0": {
							"vector": [0, -0.5, 0]
						},
						"1.3333": {
							"vector": [0, -0.5, 0]
						}
					}
				},
				"wing1": {
					"rotation": {
						"0.0": {
							"vector": [0, 0, 15]
						},
						"0.0417": {
							"vector": [0, 0, 30]
						},
						"0.0833": {
							"vector": [0, 0, 15]
						},
						"0.125": {
							"vector": [0, 0, 30]
						},
						"0.1667": {
							"vector": [0, 0, 15]
						},
						"0.2083": {
							"vector": [0, 0, 30]
						},
						"0.25": {
							"vector": [0, 0, 15]
						},
						"0.2917": {
							"vector": [0, 0, 30]
						},
						"0.3333": {
							"vector": [0, 0, 15]
						},
						"0.375": {
							"vector": [0, 0, 30]
						},
						"0.4167": {
							"vector": [0, 0, 15]
						},
						"0.4583": {
							"vector": [0, 0, 30]
						},
						"0.5": {
							"vector": [0, 0, 15]
						},
						"0.5417": {
							"vector": [0, 0, 30]
						},
						"0.5833": {
							"vector": [0, 0, 15]
						},
						"0.625": {
							"vector": [0, 0, 30]
						},
						"0.6667": {
							"vector": [0, 0, 15]
						},
						"0.7083": {
							"vector": [0, 0, 15]
						},
						"0.75": {
							"vector": [0, 0, 30]
						},
						"0.7917": {
							"vector": [0, 0, 15]
						},
						"0.8333": {
							"vector": [0, 0, 30]
						},
						"0.875": {
							"vector": [0, 0, 15]
						},
						"0.9167": {
							"vector": [0, 0, 30]
						},
						"0.9583": {
							"vector": [0, 0, 15]
						},
						"1.0": {
							"vector": [0, 0, 30]
						},
						"1.0417": {
							"vector": [0, 0, 15]
						},
						"1.0833": {
							"vector": [0, 0, 30]
						},
						"1.125": {
							"vector": [0, 0, 15]
						},
						"1.1667": {
							"vector": [0, 0, 30]
						},
						"1.2083": {
							"vector": [0, 0, 15]
						},
						"1.25": {
							"vector": [0, 0, 30]
						},
						"1.2917": {
							"vector": [0, 0, 15]
						},
						"1.3333": {
							"vector": [0, 0, 30]
						}
					}
				},
				"wing2": {
					"rotation": {
						"0.0": {
							"vector": [0, 0, -15]
						},
						"0.0417": {
							"vector": [0, 0, -30]
						},
						"0.0833": {
							"vector": [0, 0, -15]
						},
						"0.125": {
							"vector": [0, 0, -30]
						},
						"0.1667": {
							"vector": [0, 0, -15]
						},
						"0.2083": {
							"vector": [0, 0, -30]
						},
						"0.25": {
							"vector": [0, 0, -15]
						},
						"0.2917": {
							"vector": [0, 0, -30]
						},
						"0.3333": {
							"vector": [0, 0, -15]
						},
						"0.375": {
							"vector": [0, 0, -30]
						},
						"0.4167": {
							"vector": [0, 0, -15]
						},
						"0.4583": {
							"vector": [0, 0, -30]
						},
						"0.5": {
							"vector": [0, 0, -15]
						},
						"0.5417": {
							"vector": [0, 0, -30]
						},
						"0.5833": {
							"vector": [0, 0, -15]
						},
						"0.625": {
							"vector": [0, 0, -30]
						},
						"0.6667": {
							"vector": [0, 0, -15]
						},
						"0.7083": {
							"vector": [0, 0, -15]
						},
						"0.75": {
							"vector": [0, 0, -30]
						},
						"0.7917": {
							"vector": [0, 0, -15]
						},
						"0.8333": {
							"vector": [0, 0, -30]
						},
						"0.875": {
							"vector": [0, 0, -15]
						},
						"0.9167": {
							"vector": [0, 0, -30]
						},
						"0.9583": {
							"vector": [0, 0, -15]
						},
						"1.0": {
							"vector": [0, 0, -30]
						},
						"1.0417": {
							"vector": [0, 0, -15]
						},
						"1.0833": {
							"vector": [0, 0, -30]
						},
						"1.125": {
							"vector": [0, 0, -15]
						},
						"1.1667": {
							"vector": [0, 0, -30]
						},
						"1.2083": {
							"vector": [0, 0, -15]
						},
						"1.25": {
							"vector": [0, 0, -30]
						},
						"1.2917": {
							"vector": [0, 0, -15]
						},
						"1.3333": {
							"vector": [0, 0, -30]
						}
					}
				}
			}
		},
		"dies": {
			"animation_length": 6,
			"bones": {
				"body": {
					"rotation": {
						"0.0": {
							"vector": [2.4905, 0.21782, -4.99527]
						},
						"0.25": {
							"vector": [-177.5095, 0.21782, -4.99527]
						},
						"6.0": {
							"vector": [-177.51, 0.22, -5]
						}
					},
					"position": {
						"0.0": {
							"vector": [-0.3, 0, 0]
						},
						"0.0833": {
							"vector": [-0.3, 8, -13]
						},
						"0.25": {
							"vector": [-0.3, 12, 0]
						},
						"6.0": {
							"vector": [-0.3, 12, 0]
						}
					},
					"scale": {
						"vector": [1, 1, 1]
					}
				},
				"arm1": {
					"rotation": {
						"0.0": {
							"vector": [12.5, 0, 0]
						},
						"0.3333": {
							"vector": [-9.28293, -8.40819, 138.18385]
						},
						"6.0": {
							"vector": [-9.28, -8.41, 138.18]
						}
					},
					"position": {
						"0.0": {
							"vector": [0, 1, 0]
						},
						"6.0": {
							"vector": [0, 1, 0]
						}
					}
				},
				"arm2": {
					"rotation": {
						"0.0": {
							"vector": [15, 0, 0]
						},
						"0.3333": {
							"vector": [-10.72858, 10.54529, -135.99297]
						},
						"6.0": {
							"vector": [-10.73, 10.55, -135.99]
						}
					},
					"position": {
						"0.0": {
							"vector": [0, 1, 0]
						},
						"6.0": {
							"vector": [0, 1, 0]
						}
					}
				},
				"arm3": {
					"rotation": {
						"0.0": {
							"vector": [27.5, 0, 0]
						},
						"0.3333": {
							"vector": [-17.58347, 21.48944, -130.86212]
						},
						"6.0": {
							"vector": [-17.58, 21.49, -130.86]
						}
					},
					"position": {
						"0.0": {
							"vector": [0, 1, 0]
						},
						"6.0": {
							"vector": [0, 1, 0]
						}
					}
				},
				"arm4": {
					"rotation": {
						"0.0": {
							"vector": [22.5, 0, 0]
						},
						"0.3333": {
							"vector": [-20.17393, -10.17781, 154.31518]
						},
						"6.0": {
							"vector": [-20.17, -10.18, 154.32]
						}
					},
					"position": {
						"0.0": {
							"vector": [0, 1, 0]
						},
						"6.0": {
							"vector": [0, 1, 0]
						}
					}
				},
				"arm5": {
					"rotation": {
						"0.0": {
							"vector": [32.90921, -19.09208, 26.81303]
						},
						"0.3333": {
							"vector": [-32.90921, -19.09208, 153.18697]
						},
						"6.0": {
							"vector": [-32.91, -19.09, 153.19]
						}
					},
					"position": {
						"0.0": {
							"vector": [0, 1, 0]
						},
						"6.0": {
							"vector": [0, 1, 0]
						}
					},
					"scale": {
						"vector": [1, 1, 1]
					}
				},
				"arm6": {
					"rotation": {
						"0.0": {
							"vector": [44.06852, 19.90349, -19.37626]
						},
						"0.3333": {
							"vector": [-42.62647, 23.33702, -156.71303]
						},
						"6.0": {
							"vector": [-42.63, 23.34, -156.71]
						}
					},
					"position": {
						"0.0": {
							"vector": [0, 1, 0]
						},
						"6.0": {
							"vector": [0, 1, 0]
						}
					},
					"scale": {
						"vector": [1, 1, 1]
					}
				},
				"head": {
					"rotation": {
						"0.0": {
							"vector": [7.5, 0, 0]
						},
						"0.25": {
							"vector": [17.5, 0, 0]
						},
						"6.0": {
							"vector": [17.5, 0, 0]
						}
					},
					"position": {
						"0.0": {
							"vector": [0, 0, 0]
						},
						"6.0": {
							"vector": [0, 0, 0]
						}
					},
					"scale": {
						"vector": [1, 1, 1]
					}
				},
				"downhalf": {
					"rotation": {
						"0.0": {
							"vector": [-7.5, 0, 0]
						},
						"0.125": {
							"vector": [-45, 0, 0]
						},
						"0.25": {
							"vector": [0, 0, 0]
						},
						"0.3333": {
							"vector": [15, 0, 0]
						}
					}
				},
				"spine": {
					"rotation": {
						"0.0": {
							"vector": [-2.5, 0, 0]
						},
						"0.0417": {
							"vector": [5, 0, 0]
						}
					},
					"position": {
						"vector": [0, -0.5, 0]
					}
				},
				"wing1": {
					"rotation": {
						"0.0": {
							"vector": [0, 0, 15]
						},
						"0.0417": {
							"vector": [0, 0, 30]
						},
						"0.0833": {
							"vector": [0, 0, 15]
						},
						"0.125": {
							"vector": [0, 0, 30]
						},
						"0.1667": {
							"vector": [0, 0, 15]
						},
						"0.2083": {
							"vector": [0, 0, 30]
						},
						"0.25": {
							"vector": [0, 0, 15]
						},
						"0.9167": {
							"vector": [0, 0, 15]
						},
						"0.9583": {
							"vector": [0, 0, 30]
						},
						"1.0": {
							"vector": [0, 0, 15]
						},
						"1.9583": {
							"vector": [0, 0, 15]
						},
						"2.0": {
							"vector": [0, 0, 30]
						},
						"2.0417": {
							"vector": [0, 0, 15]
						},
						"3.3333": {
							"vector": [0, 0, 15]
						},
						"3.375": {
							"vector": [0, 0, 30]
						},
						"3.4167": {
							"vector": [0, 0, 15]
						},
						"4.6667": {
							"vector": [0, 0, 15]
						},
						"4.7083": {
							"vector": [0, 0, 30]
						},
						"4.75": {
							"vector": [0, 0, 15]
						},
						"5.3333": {
							"vector": [0, 0, 15]
						},
						"5.375": {
							"vector": [0, 0, 30]
						},
						"5.4167": {
							"vector": [0, 0, 15]
						},
						"6.0": {
							"vector": [0, 0, 15]
						}
					}
				},
				"wing2": {
					"rotation": {
						"0.0": {
							"vector": [0, 0, -15]
						},
						"0.0417": {
							"vector": [0, 0, -30]
						},
						"0.0833": {
							"vector": [0, 0, -15]
						},
						"0.125": {
							"vector": [0, 0, -30]
						},
						"0.1667": {
							"vector": [0, 0, -15]
						},
						"0.2083": {
							"vector": [0, 0, -30]
						},
						"0.25": {
							"vector": [0, 0, -15]
						},
						"0.9167": {
							"vector": [0, 0, -15]
						},
						"0.9583": {
							"vector": [0, 0, -30]
						},
						"1.0": {
							"vector": [0, 0, -15]
						},
						"1.9583": {
							"vector": [0, 0, -15]
						},
						"2.0": {
							"vector": [0, 0, -30]
						},
						"2.0417": {
							"vector": [0, 0, -15]
						},
						"3.3333": {
							"vector": [0, 0, -15]
						},
						"3.375": {
							"vector": [0, 0, -30]
						},
						"3.4167": {
							"vector": [0, 0, -15]
						},
						"4.6667": {
							"vector": [0, 0, -15]
						},
						"4.7083": {
							"vector": [0, 0, -30]
						},
						"4.75": {
							"vector": [0, 0, -15]
						},
						"5.3333": {
							"vector": [0, 0, -15]
						},
						"5.375": {
							"vector": [0, 0, -30]
						},
						"5.4167": {
							"vector": [0, 0, -15]
						},
						"6.0": {
							"vector": [0, 0, -15]
						}
					}
				}
			}
		},
		"bite": {
			"animation_length": 0.375,
			"bones": {
				"body": {
					"rotation": {
						"0.0": {
							"vector": [2.4905, 0.21782, -4.99527]
						},
						"0.3333": {
							"vector": [-2.4905, 0.21782, 4.99527],
							"easing": "easeInBack"
						}
					},
					"position": {
						"0.0": {
							"vector": [-0.3, 0, 2]
						},
						"0.3333": {
							"vector": [0.3, -2, 0],
							"easing": "easeInOutQuad"
						}
					}
				},
				"arm1": {
					"rotation": {
						"0.0": {
							"vector": [12.5, 0, 0]
						},
						"0.3333": {
							"vector": [-5, 0, 0],
							"easing": "easeInOutBack"
						}
					},
					"position": {
						"0.0": {
							"vector": [0, 1, 0]
						},
						"0.3333": {
							"vector": [0, 0, 0]
						}
					}
				},
				"arm2": {
					"rotation": {
						"0.0": {
							"vector": [15, 0, 0]
						},
						"0.3333": {
							"vector": [-2.5, 0, 0],
							"easing": "easeInOutBack"
						}
					},
					"position": {
						"vector": [0, 1, 0]
					}
				},
				"arm3": {
					"rotation": {
						"0.0": {
							"vector": [27.5, 0, 0]
						},
						"0.3333": {
							"vector": [12.5, 0, 0],
							"easing": "easeInOutBack"
						}
					},
					"position": {
						"0.0": {
							"vector": [0, 1, 0]
						},
						"0.3333": {
							"vector": [0, 0, 0]
						}
					}
				},
				"arm4": {
					"rotation": {
						"0.0": {
							"vector": [22.5, 0, 0]
						},
						"0.3333": {
							"vector": [10, 0, 0],
							"easing": "easeInOutBack"
						}
					},
					"position": {
						"0.0": {
							"vector": [0, 1, 0]
						},
						"0.3333": {
							"vector": [0, 0, 0]
						}
					}
				},
				"arm5": {
					"rotation": {
						"0.0": {
							"vector": [32.90921, -19.09208, 26.81303]
						},
						"0.3333": {
							"vector": [22.90921, -19.09208, 26.81303],
							"easing": "easeInOutBack"
						}
					},
					"position": {
						"vector": [0, 1, 0]
					}
				},
				"arm6": {
					"rotation": {
						"0.0": {
							"vector": [44.06852, 19.90349, -19.37626]
						},
						"0.3333": {
							"vector": [34.06852, 19.90349, -19.37626],
							"easing": "easeInOutBack"
						}
					},
					"position": {
						"0.0": {
							"vector": [0, 1, 0]
						},
						"0.3333": {
							"vector": [0, 0, 0]
						}
					}
				},
				"head": {
					"rotation": {
						"0.0": {
							"vector": [7.5, 0, 0]
						},
						"0.3333": {
							"vector": [0, 0, 0],
							"easing": "easeInSine"
						}
					},
					"position": {
						"0.0": {
							"vector": [0, 0, 0]
						},
						"0.3333": {
							"vector": [0, -1, 0],
							"easing": "easeInBack"
						}
					}
				},
				"downhalf": {
					"rotation": {
						"0.0": {
							"vector": [-7.5, 0, 0]
						},
						"0.3333": {
							"vector": [-12.5, 0, 0],
							"easing": "easeInBack"
						}
					}
				},
				"spine": {
					"rotation": {
						"0.0": {
							"vector": [-2.5, 0, 0]
						},
						"0.0417": {
							"vector": [5, 0, 0]
						},
						"0.3333": {
							"vector": [5, 0, 0]
						},
						"0.375": {
							"vector": [-2.5, 0, 0]
						}
					},
					"position": {
						"0.0": {
							"vector": [0, -0.5, 0]
						},
						"0.3333": {
							"vector": [0, -0.5, 0]
						}
					}
				},
				"wing1": {
					"rotation": {
						"0.0": {
							"vector": [0, 0, 15]
						},
						"0.0417": {
							"vector": [0, 0, 30]
						},
						"0.0833": {
							"vector": [0, 0, 15]
						},
						"0.125": {
							"vector": [0, 0, 30]
						},
						"0.1667": {
							"vector": [0, 0, 15]
						},
						"0.2083": {
							"vector": [0, 0, 30]
						},
						"0.25": {
							"vector": [0, 0, 15]
						},
						"0.2917": {
							"vector": [0, 0, 30]
						},
						"0.3333": {
							"vector": [0, 0, 15]
						},
						"0.375": {
							"vector": [0, 0, 30]
						}
					}
				},
				"wing2": {
					"rotation": {
						"0.0": {
							"vector": [0, 0, -15]
						},
						"0.0417": {
							"vector": [0, 0, -30]
						},
						"0.0833": {
							"vector": [0, 0, -15]
						},
						"0.125": {
							"vector": [0, 0, -30]
						},
						"0.1667": {
							"vector": [0, 0, -15]
						},
						"0.2083": {
							"vector": [0, 0, -30]
						},
						"0.25": {
							"vector": [0, 0, -15]
						},
						"0.2917": {
							"vector": [0, 0, -30]
						},
						"0.3333": {
							"vector": [0, 0, -15]
						},
						"0.375": {
							"vector": [0, 0, -30]
						}
					}
				},
				"tougue": {
					"position": {
						"0.0": {
							"vector": [0, 0, 0]
						},
						"0.125": {
							"vector": [0, -5, -6]
						}
					}
				}
			}
		}
	},
	"geckolib_format_version": 2
}