{
	"format_version": "1.12.0",
	"minecraft:geometry": [
		{
			"description": {
				"identifier": "geometry.bomber",
				"texture_width": 64,
				"texture_height": 64,
				"visible_bounds_width": 2,
				"visible_bounds_height": 3.5,
				"visible_bounds_offset": [0, 1.25, 0]
			},
			"bones": [
				{
					"name": "body",
					"pivot": [0, 11, 0],
					"rotation": [7.5, 0, 5],
					"mirror": true,
					"cubes": [
						{"origin": [-4.08716, 11.98767, -1.86997], "size": [8, 12, 4], "uv": [16, 16]}
					]
				},
				{
					"name": "bile",
					"parent": "body",
					"pivot": [0, 18, 0],
					"cubes": [
						{"origin": [6.91284, 9.98767, 0.13003], "size": [6, 4, 8], "pivot": [4.91284, 13.98767, 0.13003], "rotation": [-92.5, 5, -180], "uv": [0, 36]},
						{"origin": [-3.08716, 6.98767, 0.13003], "size": [6, 4, 8], "pivot": [4.91284, 13.98767, 0.13003], "rotation": [-97.5, -142.5, -177.5], "uv": [0, 36]},
						{"origin": [11.91284, 11.98767, 3.13003], "size": [2, 2, 5], "pivot": [4.91284, 13.98767, 0.13003], "rotation": [-92.5, 5, -180], "uv": [8, 41]},
						{"origin": [8.91284, 8.98767, 0.13003], "size": [4, 2, 3], "pivot": [4.91284, 13.98767, 0.13003], "rotation": [-95, 0, -180], "uv": [6, 43]},
						{"origin": [5.91284, 8.98767, 4.13003], "size": [4, 2, 3], "pivot": [4.91284, 13.98767, 0.13003], "rotation": [-95, 0, -177.5], "uv": [6, 43]},
						{"origin": [2.91284, 11.98767, 4.13003], "size": [4, 2, 3], "pivot": [4.91284, 13.98767, 0.13003], "rotation": [-95, 0, -177.5], "uv": [6, 43]},
						{"origin": [2.91284, 11.98767, 0.13003], "size": [4, 6, 3], "pivot": [4.91284, 13.98767, 0.13003], "rotation": [-95, 0, -177.5], "uv": [8, 39]},
						{"origin": [2.91284, 12.98767, 0.13003], "size": [6, 4, 8], "pivot": [4.91284, 13.98767, 0.13003], "rotation": [-81.32076, 71.84456, -165.0239], "uv": [0, 36]}
					]
				},
				{
					"name": "head",
					"parent": "body",
					"pivot": [-0.08716, 23.98767, 0.13003],
					"rotation": [-10, 0, -7.5],
					"mirror": true,
					"cubes": [
						{"origin": [-4.08716, 23.98767, -3.86997], "size": [8, 8, 8], "uv": [0, 0]},
						{"origin": [-3.08716, -3.01233, -7.86997], "size": [6, 4, 8], "pivot": [4.91284, 13.98767, 0.13003], "rotation": [32.5, 147.5, -180], "uv": [0, 36], "mirror": false},
						{"origin": [-3.08716, -2.01233, -4.86997], "size": [3, 3, 2], "pivot": [4.91284, 13.98767, 0.13003], "rotation": [45, 147.5, -180], "uv": [9, 40], "mirror": false},
						{"origin": [0.91284, -3.01233, -4.86997], "size": [3, 3, 2], "pivot": [4.91284, 13.98767, 0.13003], "rotation": [45, 147.5, -180], "uv": [9, 40], "mirror": false},
						{"origin": [-1.08716, -3.51233, -8.86997], "size": [3, 2, 5], "pivot": [4.91284, 13.98767, 0.13003], "rotation": [32.5, 147.5, -180], "uv": [7, 41], "mirror": false}
					]
				},
				{
					"name": "leftArm",
					"parent": "body",
					"pivot": [-5.08716, 21.98767, 0.13003],
					"rotation": [-90, 0, -15],
					"mirror": true,
					"cubes": [
						{"origin": [-8.08716, 11.98767, -1.86997], "size": [4, 12, 4], "uv": [40, 16], "mirror": false}
					]
				},
				{
					"name": "rightArm",
					"parent": "body",
					"pivot": [3.91284, 18.98767, 0.13003],
					"rotation": [-12.5, 0, -45],
					"mirror": true,
					"cubes": [
						{"origin": [2.91284, 8.98767, -1.86997], "size": [4, 12, 4], "uv": [40, 16]},
						{"origin": [2.91284, 12.98767, 4.13003], "size": [4, 2, 3], "pivot": [4.91284, 13.98767, 0.13003], "rotation": [-95, 0, -177.5], "uv": [6, 43], "mirror": false},
						{"origin": [2.91284, 12.98767, 1.13003], "size": [4, 2, 3], "pivot": [4.91284, 13.98767, 0.13003], "rotation": [-95, 0, -177.5], "uv": [6, 43], "mirror": false},
						{"origin": [2.91284, 11.48767, 1.13003], "size": [4, 2, 3], "pivot": [4.91284, 13.98767, 0.13003], "rotation": [-95, 0, -177.5], "uv": [6, 43], "mirror": false}
					]
				},
				{
					"name": "leftLeg",
					"pivot": [-1.9, 12, 0],
					"rotation": [0, 0, 2.5],
					"mirror": true,
					"cubes": [
						{"origin": [-3.9, 0, -2], "size": [4, 12, 4], "uv": [0, 16], "mirror": false}
					]
				},
				{
					"name": "rightLeg",
					"pivot": [1.9, 12, 0],
					"rotation": [0, 0, -5],
					"mirror": true,
					"cubes": [
						{"origin": [-0.1, 0, -2], "size": [4, 12, 4], "uv": [0, 16]}
					]
				}
			]
		}
	]
}