{
	"format_version": "1.12.0",
	"minecraft:geometry": [
		{
			"description": {
				"identifier": "geometry.briskcaller",
				"texture_width": 16,
				"texture_height": 16,
				"visible_bounds_width": 1,
				"visible_bounds_height": 1,
				"visible_bounds_offset": [0, 0, 0]
			},
			"bones": [
				{
					"name": "group",
					"pivot": [0, 1, 2],
					"texture_meshes": [
						{
							"texture": "",
							"position": [0, -4, 4],
							"rotation": [0, 0, -90],
							"local_pivot": [5, 0.5, 28],
							"scale": [2, 1, 2]
						}
					]
				}
			]
		}
	]
}