{
	"format_version": "1.12.0",
	"minecraft:geometry": [
		{
			"description": {
				"identifier": "geometry.clogger",
				"texture_width": 128,
				"texture_height": 128,
				"visible_bounds_width": 4,
				"visible_bounds_height": 3.5,
				"visible_bounds_offset": [0, 1.25, 0]
			},
			"bones": [
				{
					"name": "whole",
					"pivot": [0, 6, -1]
				},
				{
					"name": "body",
					"parent": "whole",
					"pivot": [0, 7, -9],
					"rotation": [-90, 0, 0],
					"cubes": [
						{"origin": [-14, 1, -30], "size": [28, 28, 22], "uv": [0, 0]},
						{"origin": [-1, 1, -39], "size": [2, 7, 9], "uv": [0, 62]},
						{"origin": [-1, 17, -35], "size": [2, 7, 5], "uv": [65, 60]},
						{"origin": [-1, 25, -33], "size": [2, 3, 3], "uv": [24, 81]},
						{"origin": [-1, 9, -36], "size": [2, 7, 6], "uv": [3, 3]}
					]
				},
				{
					"name": "tail",
					"parent": "body",
					"pivot": [0, 29, -19],
					"rotation": [0, 95, 0],
					"cubes": [
						{"origin": [-5, 29, -19], "size": [10, 11, 0], "pivot": [0, 30, -20], "rotation": [0, -2.5, 0], "uv": [0, 78]}
					]
				},
				{
					"name": "head",
					"parent": "whole",
					"pivot": [0, 20, -15],
					"cubes": [
						{"origin": [-4, 17, -23], "size": [8, 7, 8], "uv": [38, 50]}
					]
				},
				{
					"name": "jaw",
					"parent": "head",
					"pivot": [0, 20, -15],
					"rotation": [45, 0, 0],
					"cubes": [
						{"origin": [-4, 13, -23], "size": [8, 5, 5], "uv": [3, 93]},
						{"origin": [-4, 15, -23], "size": [8, 3, 8], "inflate": -0.0125, "uv": [0, 50]}
					]
				},
				{
					"name": "bone",
					"parent": "head",
					"pivot": [-1, 24, -15],
					"cubes": [
						{"origin": [-1, 24, -23], "size": [4, 0, 8], "pivot": [-1, 24, -15], "rotation": [0, 2.5, -160], "uv": [73, 3]},
						{"origin": [-4.75, 9.4, -24], "size": [0, 16, 9], "uv": [108, 32]},
						{"origin": [-4.4, 9.4, -24], "size": [0, 16, 9], "pivot": [-5, 24, -16], "rotation": [5, 0, 0], "uv": [108, 32]}
					]
				},
				{
					"name": "bone2",
					"parent": "head",
					"pivot": [1, 24, -23],
					"rotation": [0, 180, 0],
					"cubes": [
						{"origin": [1, 24, -31], "size": [4, 0, 8], "pivot": [1, 24, -23], "rotation": [5, 0, -160], "uv": [73, 3]},
						{"origin": [-2.75, 9.4, -31], "size": [0, 16, 9], "uv": [108, 32]},
						{"origin": [-2.4, 9.4, -32], "size": [0, 16, 9], "uv": [108, 32]}
					]
				},
				{
					"name": "leg1",
					"parent": "whole",
					"pivot": [-10, 6, 6],
					"cubes": [
						{"origin": [-13, 0, 6], "size": [6, 6, 6], "uv": [64, 72]}
					]
				},
				{
					"name": "leg2",
					"parent": "whole",
					"pivot": [10, 6, -13],
					"cubes": [
						{"origin": [7, 0, -14], "size": [6, 6, 6], "uv": [40, 71]}
					]
				},
				{
					"name": "leg3",
					"parent": "whole",
					"pivot": [-10, 6, -14],
					"cubes": [
						{"origin": [-13, 0, -14], "size": [6, 6, 6], "uv": [22, 65]}
					]
				},
				{
					"name": "leg0",
					"parent": "whole",
					"pivot": [10, 6, 6],
					"cubes": [
						{"origin": [7, 0, 6], "size": [6, 6, 6], "uv": [74, 50]}
					]
				}
			]
		}
	]
}