{
	"format_version": "1.12.0",
	"minecraft:geometry": [
		{
			"description": {
				"identifier": "geometry.coffin",
				"texture_width": 64,
				"texture_height": 64,
				"visible_bounds_width": 4,
				"visible_bounds_height": 3.5,
				"visible_bounds_offset": [0, 1.25, 0]
			},
			"bones": [
				{
					"name": "bb_main",
					"pivot": [0, 0, 0],
					"cubes": [
						{
							"origin": [-8, 0, -4],
							"size": [16, 32, 9],
							"uv": {
								"north": {"uv": [0, 32], "uv_size": [16, 32]},
								"east": {"uv": [33, 32], "uv_size": [9, 32]},
								"south": {"uv": [33, 32], "uv_size": [9, 32]},
								"west": {"uv": [33, 32], "uv_size": [9, 32]},
								"up": {"uv": [16, 32], "uv_size": [-16, -9]},
								"down": {"uv": [32, 32], "uv_size": [-16, -9]}
							}
						}
					]
				},
				{
					"name": "bone",
					"pivot": [0, 0, -4],
					"cubes": [
						{
							"origin": [-8, 0, -5],
							"size": [16, 32, 1],
							"uv": {
								"north": {"uv": [16, 32], "uv_size": [16, 32]},
								"east": {"uv": [32, 32], "uv_size": [1, 32]},
								"south": {"uv": [0, 32], "uv_size": [16, 32]},
								"west": {"uv": [32, 32], "uv_size": [1, 32]},
								"up": {"uv": [16, 23], "uv_size": [-16, -1]},
								"down": {"uv": [32, 23], "uv_size": [-16, -1]}
							}
						}
					]
				}
			]
		}
	]
}