{
	"format_version": "1.12.0",
	"minecraft:geometry": [
		{
			"description": {
				"identifier": "geometry.moonflower",
				"texture_width": 64,
				"texture_height": 64,
				"visible_bounds_width": 3,
				"visible_bounds_height": 3.5,
				"visible_bounds_offset": [0, 1.25, 0]
			},
			"bones": [
				{
					"name": "body",
					"pivot": [0, 12, 1],
					"cubes": [
						{"origin": [3, 17, -1], "size": [4, 0, 4], "pivot": [4, 17, 1], "rotation": [5.76848, 37.76124, 25.93495], "uv": [11, 52]},
						{"origin": [2, 22, -4], "size": [4, 0, 4], "pivot": [4, 17, 1], "rotation": [10.84091, 65.00936, 32.24182], "uv": [11, 52]},
						{"origin": [1, 19, -1], "size": [4, 0, 4], "pivot": [4, 17, 1], "rotation": [5.76848, 37.76124, 25.93495], "uv": [11, 52]},
						{"origin": [-3, 21, -2], "size": [4, 0, 4], "pivot": [4, 17, 1], "rotation": [-24.23152, 37.76124, 25.93495], "uv": [11, 52]},
						{"origin": [-1, 18, 0], "size": [4, 0, 4], "pivot": [4, 17, 1], "rotation": [-51.73152, 37.76124, 25.93495], "uv": [11, 52]},
						{"origin": [-5, 18, -4], "size": [4, 0, 4], "pivot": [4, 17, 1], "rotation": [-51.73152, 37.76124, 25.93495], "uv": [11, 52]},
						{"origin": [-4, 17, -1], "size": [4, 0, 4], "pivot": [4, 17, 1], "rotation": [5.76848, 37.76124, 25.93495], "uv": [11, 52]},
						{"origin": [-1, 14, 0], "size": [4, 0, 4], "pivot": [4, 17, 1], "rotation": [37.47998, -7.61574, 116.37358], "uv": [11, 52]},
						{"origin": [-2, 16, -7], "size": [4, 0, 4], "pivot": [4, 17, 1], "rotation": [27.96736, 43.99551, 56.03002], "uv": [11, 52]},
						{"origin": [2, 14, -5], "size": [4, 0, 4], "pivot": [4, 17, 1], "rotation": [50.07899, 63.90243, 82.8086], "uv": [11, 52]},
						{"origin": [-6, 21, -1], "size": [4, 0, 4], "pivot": [4, 17, 1], "rotation": [40.19872, 12.9882, 21.40712], "uv": [11, 52]},
						{"origin": [3, 14, -6], "size": [4, 0, 4], "pivot": [4, 17, 1], "rotation": [-79.08851, -65.03018, -77.88394], "uv": [11, 52]},
						{"origin": [-1, 21, -6], "size": [4, 0, 4], "pivot": [4, 17, 1], "rotation": [-79.08851, -65.03018, -77.88394], "uv": [11, 52]},
						{"origin": [4, 18, -9], "size": [4, 0, 4], "pivot": [4, 17, 1], "rotation": [-79.08851, -65.03018, -77.88394], "uv": [11, 52]},
						{"origin": [2, 22, -9], "size": [4, 0, 4], "pivot": [4, 17, 1], "rotation": [-79.08851, -65.03018, -77.88394], "uv": [11, 52]},
						{"origin": [2, 19, -9], "size": [4, 0, 4], "pivot": [4, 17, 1], "rotation": [-79.08851, -65.03018, -77.88394], "uv": [11, 52]},
						{"origin": [4, 21, -6], "size": [4, 0, 4], "pivot": [4, 17, 1], "rotation": [-79.08851, -65.03018, -77.88394], "uv": [11, 52]},
						{"origin": [1, 15, 1], "size": [4, 0, 4], "pivot": [4, 17, 1], "rotation": [-84.46447, 35.30393, 119.38842], "uv": [11, 52]},
						{"origin": [3, 15, 3], "size": [4, 0, 4], "pivot": [4, 17, 1], "rotation": [-84.46447, 35.30393, 119.38842], "uv": [11, 52]},
						{"origin": [4, 17, 0], "size": [4, 0, 4], "pivot": [4, 17, 1], "rotation": [-84.46447, 35.30393, 119.38842], "uv": [11, 52]},
						{"origin": [-4, 16, 2], "size": [4, 0, 4], "pivot": [4, 17, 1], "rotation": [-84.46447, 35.30393, 119.38842], "uv": [11, 52]},
						{"origin": [1, 15, 1], "size": [4, 0, 4], "pivot": [4, 17, 1], "rotation": [-84.46447, 35.30393, 119.38842], "uv": [11, 52]},
						{"origin": [-1, 18, -10], "size": [4, 0, 4], "pivot": [4, 17, 1], "rotation": [44.83868, 83.52958, 67.05064], "uv": [11, 52]},
						{"origin": [-4, 12, 0], "size": [8, 12, 4], "uv": [16, 16], "mirror": true}
					]
				},
				{
					"name": "tumour",
					"parent": "body",
					"pivot": [0, 11, -1],
					"cubes": [
						{"origin": [-1, 19, 4], "size": [6, 4, 5], "pivot": [0, 11, -1], "rotation": [12.92638, 14.63639, 3.31914], "uv": [42, 47]}
					]
				},
				{
					"name": "tumour2",
					"parent": "body",
					"pivot": [-3, 11, -3],
					"rotation": [0, -47.5, 0],
					"cubes": [
						{"origin": [-4, 19, 3], "size": [6, 4, 5], "pivot": [-3, 11, -3], "rotation": [12.92638, 14.63639, 3.31914], "uv": [42, 47]}
					]
				},
				{
					"name": "tumour3",
					"parent": "body",
					"pivot": [-2, 11, -1],
					"rotation": [0, -20, 0],
					"cubes": [
						{"origin": [-3, 19, 4], "size": [6, 4, 5], "pivot": [-2, 11, -1], "rotation": [12.92638, 14.63639, 3.31914], "uv": [42, 47]}
					]
				},
				{
					"name": "head",
					"parent": "body",
					"pivot": [0, 24, 1],
					"rotation": [9.99801, 0, 0],
					"cubes": [
						{"origin": [-2, 26, -2.5], "size": [4, 4, 5], "uv": [42, 2]},
						{"origin": [-4, 24, -3], "size": [8, 8, 8], "uv": [0, 0], "mirror": true},
						{"origin": [-2, 25, -4], "size": [4, 1, 2], "uv": [52, 61]},
						{"origin": [-2, 30, -4], "size": [4, 1, 2], "uv": [52, 61]}
					]
				},
				{
					"name": "cube_r1",
					"parent": "head",
					"pivot": [0, 30, -4],
					"rotation": [0, 0, 90.00021],
					"cubes": [
						{"origin": [0, 27, -4], "size": [4, 1, 2], "uv": [52, 61]},
						{"origin": [0, 32, -4], "size": [4, 1, 2], "uv": [52, 61]}
					]
				},
				{
					"name": "looky",
					"parent": "head",
					"pivot": [0, 26, 1],
					"cubes": [
						{"origin": [-1, 26, 1], "size": [1, 1, 1], "uv": [0, 0]}
					]
				},
				{
					"name": "hair1",
					"parent": "head",
					"pivot": [4, 28, -1],
					"cubes": [
						{"origin": [4, 24, -1], "size": [6, 8, 0], "uv": [0, 36]}
					]
				},
				{
					"name": "hair2",
					"parent": "head",
					"pivot": [-4, 28, -1],
					"cubes": [
						{"origin": [-16, 24, -1], "size": [6, 8, 0], "pivot": [-10, 28, -1], "rotation": [0, 0, -180], "uv": [0, 36]}
					]
				},
				{
					"name": "hair3",
					"parent": "head",
					"pivot": [0, 32, -1],
					"cubes": [
						{"origin": [-6, 14, -1], "size": [6, 8, 0], "pivot": [-10, 28, -1], "rotation": [0, 0, -90], "uv": [0, 36]}
					]
				},
				{
					"name": "leftLeg",
					"pivot": [-1.9, 12, 2],
					"cubes": [
						{"origin": [-4, 0, 0], "size": [4, 12, 4], "uv": [0, 16]}
					]
				},
				{
					"name": "rightLeg",
					"pivot": [1.9, 12, 2],
					"cubes": [
						{"origin": [0, 0, 0], "size": [4, 12, 4], "uv": [0, 16], "mirror": true}
					]
				}
			]
		}
	]
}