{
	"format_version": "1.12.0",
	"minecraft:geometry": [
		{
			"description": {
				"identifier": "geometry.grappler",
				"texture_width": 128,
				"texture_height": 128,
				"visible_bounds_width": 3,
				"visible_bounds_height": 3.5,
				"visible_bounds_offset": [0, 1.25, 0]
			},
			"bones": [
				{
					"name": "body",
					"pivot": [0, 11, 6],
					"rotation": [32.50204, 0, 0],
					"cubes": [
						{"origin": [-3, 17, 7], "size": [4, 4, 5], "uv": [49, 53]},
						{"origin": [0, 18, 5], "size": [3, 3, 5], "uv": [32, 58]},
						{"origin": [-3, 15, 5], "size": [3, 3, 5], "uv": [16, 58]},
						{"origin": [-4.5, 12, 4], "size": [8, 12, 4], "uv": [28, 26]},
						{"origin": [-4.9, 10, 3], "size": [9, 4, 6], "uv": [30, 30]}
					]
				},
				{
					"name": "stone",
					"parent": "body",
					"pivot": [4, 22, 9]
				},
				{
					"name": "leftArm",
					"parent": "stone",
					"pivot": [-5, 22, 9],
					"rotation": [-50.00203, 0, 0],
					"cubes": [
						{"origin": [-9, 15, 6], "size": [6, 7, 6], "uv": [73, 18]},
						{"origin": [-9, 22, 6], "size": [6, 4, 6], "uv": [30, 0]},
						{"origin": [-8, 13, 7], "size": [4, 12, 4], "uv": [38, 42]}
					]
				},
				{
					"name": "rightbow2",
					"parent": "leftArm",
					"pivot": [-6, 12, 9],
					"rotation": [-82.50019, 0, 0],
					"cubes": [
						{"origin": [-8, 1, 7], "size": [4, 11, 4], "uv": [54, 0]}
					]
				},
				{
					"name": "pit_r1",
					"parent": "rightbow2",
					"pivot": [5, 22, 8],
					"rotation": [35.00199, 0, 0],
					"cubes": [
						{"origin": [-9, 11, 1], "size": [6, 5, 5], "uv": [32, 14]}
					]
				},
				{
					"name": "rightArm",
					"parent": "stone",
					"pivot": [4, 22, 9],
					"rotation": [-50.00203, 0, 0],
					"cubes": [
						{"origin": [2, 15, 6], "size": [6, 7, 6], "uv": [73, 18]},
						{"origin": [2, 22, 6], "size": [6, 4, 6], "uv": [30, 0]},
						{"origin": [3, 12, 7], "size": [4, 12, 4], "uv": [22, 42]}
					]
				},
				{
					"name": "rightbow",
					"parent": "rightArm",
					"pivot": [5, 12, 9],
					"rotation": [-80.0021, 0, 0],
					"cubes": [
						{"origin": [-7, 0, 6], "size": [12, 8, 7], "uv": [31, 100]},
						{"origin": [3, 1, 7], "size": [4, 11, 4], "uv": [54, 36]}
					]
				},
				{
					"name": "pit_r2",
					"parent": "rightbow",
					"pivot": [4, 22, 9],
					"rotation": [35.00199, 0, 0],
					"cubes": [
						{"origin": [2, 11, 1], "size": [6, 5, 5], "uv": [0, 40]}
					]
				},
				{
					"name": "heade",
					"parent": "body",
					"pivot": [0, 24, 6]
				},
				{
					"name": "head",
					"parent": "heade",
					"pivot": [0, 24, 6],
					"rotation": [-17.49818, 0, 0],
					"cubes": [
						{"origin": [-4, 24, 2], "size": [8, 8, 8], "uv": [0, 14]},
						{"origin": [-1, 23.3, 1], "size": [6, 9, 10], "uv": [5, 72]},
						{"origin": [1, 23.3, 1], "size": [4, 9, 10], "pivot": [0, 24, 6], "rotation": [0, 180, 0], "uv": [7, 72]}
					]
				},
				{
					"name": "cube_r1",
					"parent": "head",
					"pivot": [0, 24, 6],
					"rotation": [15.00004, 0, 0],
					"cubes": [
						{"origin": [-3, 29, 3], "size": [2, 2, 2], "uv": [0, 0]}
					]
				},
				{
					"name": "cube_r2",
					"parent": "head",
					"pivot": [0, 24, 6],
					"rotation": [9.99811, 0, 0],
					"cubes": [
						{"origin": [1, 28, 2], "size": [2, 2, 2], "uv": [0, 4]}
					]
				},
				{
					"name": "leftLeg",
					"pivot": [-2.9, 12, 6],
					"rotation": [-2.4981, 0, 0],
					"cubes": [
						{"origin": [-4.9, 0, 4], "size": [4, 12, 4], "uv": [52, 20]},
						{"origin": [-4.9, 0, -1], "size": [4, 3, 5], "uv": [44, 51]}
					]
				},
				{
					"name": "rightLeg",
					"pivot": [1.9, 12, 6],
					"rotation": [-2.4981, 0, 0],
					"cubes": [
						{"origin": [-0.1, 0, 4], "size": [4, 12, 4], "uv": [0, 50]},
						{"origin": [-0.1, 0, -1], "size": [4, 3, 5], "uv": [44, 51]}
					]
				}
			]
		}
	]
}