{
	"format_version": "1.12.0",
	"minecraft:geometry": [
		{
			"description": {
				"identifier": "geometry.immortal",
				"texture_width": 64,
				"texture_height": 64,
				"visible_bounds_width": 3,
				"visible_bounds_height": 3.5,
				"visible_bounds_offset": [0, 1.25, 0]
			},
			"bones": [
				{
					"name": "body",
					"pivot": [0, 12, 0],
					"cubes": [
						{"origin": [-4, 12, -3], "size": [8, 12, 6], "uv": [16, 20]}
					]
				},
				{
					"name": "bode",
					"parent": "body",
					"pivot": [0, 0, 0],
					"cubes": [
						{"origin": [-4, 6, -3], "size": [8, 18, 6], "inflate": 0.5, "uv": [0, 38]}
					]
				},
				{
					"name": "leftarm",
					"parent": "bode",
					"pivot": [-4, 23, 0],
					"cubes": [
						{"origin": [-8, 17, -2], "size": [4, 8, 4], "uv": [44, 22]},
						{"origin": [-7.5, 11, -1], "size": [2, 13, 2], "uv": [36, 2]}
					]
				},
				{
					"name": "rightarm",
					"parent": "bode",
					"pivot": [4, 23, 0],
					"cubes": [
						{"origin": [5.5, 11, -1], "size": [2, 13, 2], "uv": [36, 2]},
						{"origin": [4, 17, -2], "size": [4, 8, 4], "uv": [44, 22]}
					]
				},
				{
					"name": "neck",
					"parent": "body",
					"pivot": [0, 19, 3],
					"rotation": [5, 0, 0],
					"cubes": [
						{"origin": [-1, 18, 3], "size": [2, 11, 0], "uv": [45, 5]}
					]
				},
				{
					"name": "leg0",
					"parent": "body",
					"pivot": [2, 12, 0],
					"cubes": [
						{"origin": [0, 0, -2], "size": [4, 12, 4], "uv": [0, 22]}
					]
				},
				{
					"name": "leg1",
					"parent": "body",
					"pivot": [-2, 12, 0],
					"cubes": [
						{"origin": [-4, 0, -2], "size": [4, 12, 4], "uv": [0, 22]}
					]
				},
				{
					"name": "heade",
					"parent": "body",
					"pivot": [0, 25, -1]
				},
				{
					"name": "head",
					"parent": "heade",
					"pivot": [0, 25, -1],
					"cubes": [
						{"origin": [-5, 25.3, -5.3], "size": [9.5, 10, 9], "uv": [28, 44]},
						{"origin": [-4, 25, -5], "size": [8, 10, 8], "uv": [0, 0]}
					]
				},
				{
					"name": "nose",
					"parent": "head",
					"pivot": [0, 31, 2],
					"cubes": [
						{"origin": [-1, 28, -4], "size": [2, 4, 2], "uv": [24, 0]}
					]
				}
			]
		}
	]
}