{
	"format_version": "1.12.0",
	"minecraft:geometry": [
		{
			"description": {
				"identifier": "geometry.moonflower",
				"texture_width": 128,
				"texture_height": 128,
				"visible_bounds_width": 3,
				"visible_bounds_height": 3.5,
				"visible_bounds_offset": [0, 1.25, 0]
			},
			"bones": [
				{
					"name": "body",
					"pivot": [0, 12, 1],
					"cubes": [
						{"origin": [-4, 12, 0], "size": [8, 12, 4], "uv": [32, 31]}
					]
				},
				{
					"name": "head",
					"parent": "body",
					"pivot": [0, 24, 1],
					"rotation": [9.99801, 0, 0],
					"cubes": [
						{"origin": [-2, 26, -2.5], "size": [4, 4, 5], "uv": [44, 47]},
						{"origin": [-4, 24, -3], "size": [8, 8, 8], "uv": [0, 31]}
					]
				},
				{
					"name": "chainsaw",
					"parent": "head",
					"pivot": [0, 0, 0],
					"cubes": [
						{"origin": [0, 27, -22], "size": [0, 5, 26], "uv": [12, 37]},
						{"origin": [0, 26, -23], "size": [0, 7, 24], "uv": [-1, -21]}
					]
				},
				{
					"name": "looky",
					"parent": "head",
					"pivot": [0, 26, 1],
					"cubes": [
						{"origin": [-1, 26, 1], "size": [1, 1, 1], "uv": [52, 3]}
					]
				},
				{
					"name": "leftarm",
					"parent": "body",
					"pivot": [4, 23, 1],
					"cubes": [
						{"origin": [4, 12, 0], "size": [4, 12, 4], "uv": [28, 47]}
					]
				},
				{
					"name": "bone",
					"parent": "leftarm",
					"pivot": [7, 21, 2],
					"rotation": [90, -90, 0],
					"cubes": [
						{"origin": [7, 18, -19], "size": [0, 7, 24], "uv": [-1, -21]},
						{"origin": [7, 19, -18], "size": [0, 5, 21], "uv": [17, 42]}
					]
				},
				{
					"name": "leftarm2",
					"parent": "body",
					"pivot": [-4, 23, 1],
					"cubes": [
						{"origin": [-8, 12, 0], "size": [4, 12, 4], "uv": [28, 47], "mirror": true}
					]
				},
				{
					"name": "bone2",
					"parent": "leftarm2",
					"pivot": [-7, 21, 2],
					"rotation": [90, 90, 0],
					"cubes": [
						{"origin": [-7, 18, -19], "size": [0, 7, 24], "uv": [-1, -21]},
						{"origin": [-7, 19, -18], "size": [0, 5, 21], "uv": [17, 42]}
					]
				},
				{
					"name": "leftLeg",
					"pivot": [-1.9, 12, 2],
					"cubes": [
						{"origin": [-4, 0, 0], "size": [4, 12, 4], "uv": [12, 47]}
					]
				},
				{
					"name": "rightLeg",
					"pivot": [1.9, 12, 2],
					"cubes": [
						{"origin": [0, 0, 0], "size": [4, 12, 4], "uv": [12, 47], "mirror": true}
					]
				}
			]
		}
	]
}