{
	"format_version": "1.12.0",
	"minecraft:geometry": [
		{
			"description": {
				"identifier": "geometry.ordure",
				"texture_width": 64,
				"texture_height": 64,
				"visible_bounds_width": 3,
				"visible_bounds_height": 2.5,
				"visible_bounds_offset": [0, 0.75, 0]
			},
			"bones": [
				{
					"name": "body",
					"pivot": [0, 2, 1],
					"rotation": [90, 2.5, 180],
					"cubes": [
						{"origin": [-4, -4, -1], "size": [8, 12, 4], "uv": [16, 16]}
					]
				},
				{
					"name": "head",
					"parent": "body",
					"pivot": [0, 8, 1],
					"rotation": [25, 0, 0],
					"cubes": [
						{"origin": [-3, 9, -2], "size": [6, 6, 6], "uv": [34, 2]},
						{"origin": [-4, 8, -3], "size": [8, 8, 8], "uv": [0, 0]}
					]
				},
				{
					"name": "puff",
					"parent": "body",
					"pivot": [3, 6, 1],
					"rotation": [-7.5, -30, 0],
					"cubes": [
						{"origin": [0, 3, -4], "size": [6, 6, 5], "uv": [0, 47]}
					]
				},
				{
					"name": "hair1",
					"parent": "puff",
					"pivot": [1, 5, -4],
					"cubes": [
						{"origin": [1, 3, -8], "size": [0, 6, 4], "uv": [56, 48]}
					]
				},
				{
					"name": "hair2",
					"parent": "puff",
					"pivot": [5, 5, -4],
					"cubes": [
						{"origin": [5, 3, -8], "size": [0, 6, 4], "uv": [56, 48]}
					]
				},
				{
					"name": "hair4",
					"parent": "puff",
					"pivot": [6, 5, -1],
					"cubes": [
						{"origin": [6, 3, -5], "size": [0, 6, 4], "uv": [56, 48]}
					]
				},
				{
					"name": "hair6",
					"parent": "puff",
					"pivot": [0, 5, -1],
					"cubes": [
						{"origin": [0, 3, -5], "size": [0, 6, 4], "uv": [56, 48]}
					]
				},
				{
					"name": "hair3",
					"parent": "puff",
					"pivot": [3, 5, -4],
					"cubes": [
						{"origin": [3, 3, -8], "size": [0, 6, 4], "uv": [56, 48]}
					]
				},
				{
					"name": "hair5",
					"parent": "puff",
					"pivot": [2, 9, -1],
					"rotation": [0, 0, 90],
					"cubes": [
						{"origin": [2, 7, -5], "size": [0, 6, 4], "uv": [56, 48]}
					]
				},
				{
					"name": "hair7",
					"parent": "puff",
					"pivot": [2, 3, -1],
					"rotation": [0, 0, 90],
					"cubes": [
						{"origin": [2, 1, -5], "size": [0, 6, 4], "uv": [56, 48]}
					]
				},
				{
					"name": "puff2",
					"parent": "body",
					"pivot": [-1, 3, 1],
					"rotation": [-7.14263, 24.61691, -6.75419],
					"cubes": [
						{"origin": [-4, 0, -4], "size": [6, 6, 5], "uv": [0, 47]}
					]
				},
				{
					"name": "hair8",
					"parent": "puff2",
					"pivot": [-3, 2, -4],
					"cubes": [
						{"origin": [-3, 0, -8], "size": [0, 6, 4], "uv": [56, 48]}
					]
				},
				{
					"name": "hair9",
					"parent": "puff2",
					"pivot": [1, 2, -4],
					"cubes": [
						{"origin": [1, 0, -8], "size": [0, 6, 4], "uv": [56, 48]}
					]
				},
				{
					"name": "hair10",
					"parent": "puff2",
					"pivot": [2, 2, -1],
					"cubes": [
						{"origin": [2, 0, -5], "size": [0, 6, 4], "uv": [56, 48]}
					]
				},
				{
					"name": "hair11",
					"parent": "puff2",
					"pivot": [-4, 2, -1],
					"cubes": [
						{"origin": [-4, 0, -5], "size": [0, 6, 4], "uv": [56, 48]}
					]
				},
				{
					"name": "hair12",
					"parent": "puff2",
					"pivot": [-1, 2, -4],
					"cubes": [
						{"origin": [-1, 0, -8], "size": [0, 6, 4], "uv": [56, 48]}
					]
				},
				{
					"name": "hair13",
					"parent": "puff2",
					"pivot": [-2, 6, -1],
					"rotation": [0, 0, 90],
					"cubes": [
						{"origin": [-2, 4, -5], "size": [0, 6, 4], "uv": [56, 48]}
					]
				},
				{
					"name": "hair14",
					"parent": "puff2",
					"pivot": [-2, 0, -1],
					"rotation": [0, 0, 90],
					"cubes": [
						{"origin": [-2, -2, -5], "size": [0, 6, 4], "uv": [56, 48]}
					]
				},
				{
					"name": "puff4",
					"parent": "body",
					"pivot": [2, 1, 2],
					"rotation": [1.66675, 15.1684, -45.49813],
					"cubes": [
						{"origin": [-1, -2, -3], "size": [6, 6, 5], "uv": [0, 47]}
					]
				},
				{
					"name": "hair22",
					"parent": "puff4",
					"pivot": [0, 0, -3],
					"cubes": [
						{"origin": [0, -2, -7], "size": [0, 6, 4], "uv": [56, 48]}
					]
				},
				{
					"name": "hair23",
					"parent": "puff4",
					"pivot": [4, 0, -3],
					"cubes": [
						{"origin": [4, -2, -7], "size": [0, 6, 4], "uv": [56, 48]}
					]
				},
				{
					"name": "hair24",
					"parent": "puff4",
					"pivot": [5, 0, 0],
					"cubes": [
						{"origin": [5, -2, -4], "size": [0, 6, 4], "uv": [56, 48]}
					]
				},
				{
					"name": "hair25",
					"parent": "puff4",
					"pivot": [-1, 0, 0],
					"cubes": [
						{"origin": [-1, -2, -4], "size": [0, 6, 4], "uv": [56, 48]}
					]
				},
				{
					"name": "hair26",
					"parent": "puff4",
					"pivot": [2, 0, -3],
					"cubes": [
						{"origin": [2, -2, -7], "size": [0, 6, 4], "uv": [56, 48]}
					]
				},
				{
					"name": "hair27",
					"parent": "puff4",
					"pivot": [1, 4, 0],
					"rotation": [0, 0, 90],
					"cubes": [
						{"origin": [1, 2, -4], "size": [0, 6, 4], "uv": [56, 48]}
					]
				},
				{
					"name": "hair28",
					"parent": "puff4",
					"pivot": [1, -2, 0],
					"rotation": [0, 0, 90],
					"cubes": [
						{"origin": [1, -4, -4], "size": [0, 6, 4], "uv": [56, 48]}
					]
				},
				{
					"name": "puff5",
					"parent": "body",
					"pivot": [-1, 1, 1],
					"rotation": [39.16675, 15.1684, -45.49813],
					"cubes": [
						{"origin": [-4, -2, -4], "size": [6, 6, 5], "uv": [0, 47]}
					]
				},
				{
					"name": "hair29",
					"parent": "puff5",
					"pivot": [-3, 0, -4],
					"cubes": [
						{"origin": [-3, -2, -8], "size": [0, 6, 4], "uv": [56, 48]}
					]
				},
				{
					"name": "hair30",
					"parent": "puff5",
					"pivot": [1, 0, -4],
					"cubes": [
						{"origin": [1, -2, -8], "size": [0, 6, 4], "uv": [56, 48]}
					]
				},
				{
					"name": "hair31",
					"parent": "puff5",
					"pivot": [2, 0, -1],
					"cubes": [
						{"origin": [2, -2, -5], "size": [0, 6, 4], "uv": [56, 48]}
					]
				},
				{
					"name": "hair32",
					"parent": "puff5",
					"pivot": [-4, 0, -1],
					"cubes": [
						{"origin": [-4, -2, -5], "size": [0, 6, 4], "uv": [56, 48]}
					]
				},
				{
					"name": "hair33",
					"parent": "puff5",
					"pivot": [-1, 0, -4],
					"cubes": [
						{"origin": [-1, -2, -8], "size": [0, 6, 4], "uv": [56, 48]}
					]
				},
				{
					"name": "hair34",
					"parent": "puff5",
					"pivot": [-2, 4, -1],
					"rotation": [0, 0, 90],
					"cubes": [
						{"origin": [-2, 2, -5], "size": [0, 6, 4], "uv": [56, 48]}
					]
				},
				{
					"name": "hair35",
					"parent": "puff5",
					"pivot": [-2, -2, -1],
					"rotation": [0, 0, 90],
					"cubes": [
						{"origin": [-2, -4, -5], "size": [0, 6, 4], "uv": [56, 48]}
					]
				},
				{
					"name": "puff3",
					"parent": "body",
					"pivot": [1, 7, 1],
					"rotation": [-161.42348, 69.21688, -166.32278],
					"cubes": [
						{"origin": [-2, 4, -4], "size": [6, 6, 5], "uv": [0, 47]}
					]
				},
				{
					"name": "hair15",
					"parent": "puff3",
					"pivot": [-1, 6, -4],
					"cubes": [
						{"origin": [-1, 4, -8], "size": [0, 6, 4], "uv": [56, 48]}
					]
				},
				{
					"name": "hair16",
					"parent": "puff3",
					"pivot": [3, 6, -4],
					"cubes": [
						{"origin": [3, 4, -8], "size": [0, 6, 4], "uv": [56, 48]}
					]
				},
				{
					"name": "hair17",
					"parent": "puff3",
					"pivot": [4, 6, -1],
					"cubes": [
						{"origin": [4, 4, -5], "size": [0, 6, 4], "uv": [56, 48]}
					]
				},
				{
					"name": "hair18",
					"parent": "puff3",
					"pivot": [-2, 6, -1],
					"cubes": [
						{"origin": [-2, 4, -5], "size": [0, 6, 4], "uv": [56, 48]}
					]
				},
				{
					"name": "hair19",
					"parent": "puff3",
					"pivot": [1, 6, -4],
					"cubes": [
						{"origin": [1, 4, -8], "size": [0, 6, 4], "uv": [56, 48]}
					]
				},
				{
					"name": "hair20",
					"parent": "puff3",
					"pivot": [0, 10, -1],
					"rotation": [0, 0, 90],
					"cubes": [
						{"origin": [0, 8, -5], "size": [0, 6, 4], "uv": [56, 48]}
					]
				},
				{
					"name": "hair21",
					"parent": "puff3",
					"pivot": [0, 4, -1],
					"rotation": [0, 0, 90],
					"cubes": [
						{"origin": [0, 2, -5], "size": [0, 6, 4], "uv": [56, 48]}
					]
				}
			]
		}
	]
}