{
	"format_version": "1.12.0",
	"minecraft:geometry": [
		{
			"description": {
				"identifier": "geometry.pregnant",
				"texture_width": 128,
				"texture_height": 128,
				"visible_bounds_width": 5,
				"visible_bounds_height": 4.5,
				"visible_bounds_offset": [0, 1.75, 0]
			},
			"bones": [
				{
					"name": "body",
					"pivot": [0, 10, 0],
					"rotation": [-5, 0, 0],
					"cubes": [
						{"origin": [-2, 23, -5], "size": [3, 6, 3], "uv": [62, 17]},
						{"origin": [-8, 22, -6], "size": [15, 1, 14], "uv": [46, 27]},
						{"origin": [-8, 11, -7], "size": [15, 11, 16], "uv": [0, 0]},
						{"origin": [-7, 9, -3], "size": [13, 20, 10], "uv": [0, 27]}
					]
				},
				{
					"name": "head",
					"parent": "body",
					"pivot": [-1, 28, -2],
					"rotation": [17.5, 0, 0],
					"cubes": [
						{"origin": [-5, 25, -7], "size": [9, 8, 8], "uv": [38, 60]},
						{"origin": [-2, 31, 1], "size": [3, 3, 2], "pivot": [-1, 30, 2], "rotation": [25, 0, 0], "uv": [25, 105]},
						{"origin": [0, 28, 2], "size": [0, 9, 9], "pivot": [-1, 33, 3], "rotation": [-27.35743, 20.01158, 165.0091], "uv": [-5, -7]},
						{"origin": [0, 28, 1], "size": [0, 9, 9], "pivot": [-1, 33, 2], "rotation": [5.91721, 48.11618, -87.39883], "uv": [-5, -7]},
						{"origin": [0, 26, 1], "size": [0, 9, 9], "pivot": [-1, 31, 2], "rotation": [3.96658, 5.75456, -91.41283], "uv": [-5, -7]},
						{"origin": [3, 27, 1], "size": [0, 9, 9], "pivot": [2, 32, 2], "rotation": [-27.42625, -20.37267, -174.70981], "uv": [-5, -7]}
					]
				},
				{
					"name": "leftArm",
					"parent": "body",
					"pivot": [-6, 26, 0],
					"rotation": [7.5, 0, 0],
					"cubes": [
						{"origin": [-30, 3, -10], "size": [4, 25, 4], "pivot": [-19, 2, -4], "rotation": [0, 180, 0], "uv": [72, 60]},
						{"origin": [-7, 24, 0], "size": [2, 4, 4], "pivot": [-5, 26, 1], "rotation": [0, 180, 0], "uv": [74, 17]}
					]
				},
				{
					"name": "rightArm",
					"parent": "body",
					"pivot": [7, 25, 1],
					"rotation": [7.5, 0, 0],
					"cubes": [
						{"origin": [7, 2, 0], "size": [4, 25, 4], "uv": [0, 75]}
					]
				},
				{
					"name": "breath1",
					"parent": "body",
					"pivot": [4, 27, 2],
					"cubes": [
						{"origin": [0, 24, -4], "size": [7, 6, 12], "uv": [0, 57]},
						{"origin": [4, 23, -5], "size": [2, 2, 3], "uv": [84, 42]},
						{"origin": [5, 29, -5], "size": [2, 2, 3], "pivot": [0, 10, 0], "rotation": [0, -15, 0], "uv": [84, 42]},
						{"origin": [6, 27, 0], "size": [2, 2, 3], "pivot": [0, 10, 0], "rotation": [0, 10, 0], "uv": [84, 42]},
						{"origin": [6, 27, 0], "size": [2, 2, 3], "pivot": [0, 10, 0], "rotation": [0, -10, 0], "uv": [84, 42]},
						{"origin": [6, 25, 4], "size": [2, 2, 3], "uv": [84, 42]},
						{"origin": [4, 29, 3], "size": [2, 2, 3], "pivot": [0, 10, 0], "rotation": [-2.5, 0, 0], "uv": [84, 42]},
						{"origin": [1, 29, 6], "size": [2, 2, 3], "uv": [84, 42]},
						{"origin": [1, 29, 0], "size": [2, 2, 3], "pivot": [0, 10, 0], "rotation": [-2.5, 0, 0], "uv": [84, 42]},
						{"origin": [4, 26, 6], "size": [2, 2, 3], "pivot": [0, 10, 0], "rotation": [2.5, 0, 0], "uv": [84, 42]},
						{"origin": [1, 23, 6], "size": [2, 2, 3], "pivot": [0, 10, 0], "rotation": [2.5, 0, 0], "uv": [84, 42]}
					]
				},
				{
					"name": "breath2",
					"parent": "body",
					"pivot": [-5, 28, 2],
					"cubes": [
						{"origin": [-8, 24, -4], "size": [7, 6, 12], "uv": [46, 42]},
						{"origin": [-9, 29, 4], "size": [2, 2, 3], "pivot": [0, 10, 0], "rotation": [0, 5, 0], "uv": [84, 42]},
						{"origin": [-4, 29, 3], "size": [2, 2, 3], "pivot": [0, 10, 0], "rotation": [-10, -7.5, 0], "uv": [84, 42]},
						{"origin": [-5, 25, 6], "size": [2, 2, 3], "pivot": [0, 10, 0], "rotation": [0, -5, 0], "uv": [84, 42]},
						{"origin": [-5, 29, 1], "size": [2, 2, 3], "uv": [84, 42]},
						{"origin": [-9, 24, 4], "size": [2, 2, 3], "pivot": [0, 10, 0], "rotation": [0, 5, 0], "uv": [84, 42]},
						{"origin": [-9, 27, 1], "size": [2, 2, 3], "pivot": [0, 10, 0], "rotation": [2.5, 0, 0], "uv": [84, 42]},
						{"origin": [-9, 25, -3], "size": [2, 2, 3], "pivot": [0, 10, 0], "rotation": [0, -5, 0], "uv": [84, 42]},
						{"origin": [-9, 29, -5], "size": [2, 2, 3], "pivot": [0, 10, 0], "rotation": [0, 5, 0], "uv": [84, 42]}
					]
				},
				{
					"name": "rightLeg",
					"pivot": [1.9, 12, 0],
					"cubes": [
						{"origin": [0.1, 0, -3], "size": [5, 12, 5], "uv": [62, 0]}
					]
				},
				{
					"name": "leftleg",
					"pivot": [-4.1, 12, -1],
					"cubes": [
						{"origin": [-5.9, 0, -3], "size": [5, 12, 5], "uv": [16, 75]}
					]
				}
			]
		}
	]
}