{
	"format_version": "1.12.0",
	"minecraft:geometry": [
		{
			"description": {
				"identifier": "geometry.spectreg",
				"texture_width": 64,
				"texture_height": 64,
				"visible_bounds_width": 3,
				"visible_bounds_height": 3.5,
				"visible_bounds_offset": [0, 1.25, 0]
			},
			"bones": [
				{
					"name": "body",
					"pivot": [0, 12, 0],
					"rotation": [17.49813, 0, 0],
					"cubes": [
						{"origin": [-3, 15, 2], "size": [6, 6, 4], "uv": [1, 40]},
						{"origin": [-4, 19, 2], "size": [8, 3, 5], "uv": [36, 41]},
						{"origin": [-1, 16, -3], "size": [2, 2, 2], "uv": [0, 0]},
						{"origin": [-4, 12, -2], "size": [8, 12, 4], "uv": [16, 16], "mirror": true}
					]
				},
				{
					"name": "cube_r1",
					"parent": "body",
					"pivot": [0, 12, 0],
					"rotation": [0, 0, -180.00042],
					"cubes": [
						{"origin": [-4, 5, 2], "size": [8, 5, 5], "uv": [36, 41]}
					]
				},
				{
					"name": "head",
					"parent": "body",
					"pivot": [0, 24, 0],
					"rotation": [-22.50005, 0, 0],
					"cubes": [
						{"origin": [-4, 24, -4], "size": [8, 8, 8], "uv": [0, 0], "mirror": true},
						{"origin": [-2, 25, -5], "size": [4, 2, 1], "uv": [33, 58]},
						{"origin": [2, 31, -3], "size": [0, 3, 5], "uv": [18, 52]},
						{"origin": [0, 32, -3], "size": [0, 3, 5], "uv": [18, 52]},
						{"origin": [-2, 31, -3], "size": [0, 3, 5], "uv": [18, 52]}
					]
				},
				{
					"name": "helmet",
					"parent": "head",
					"pivot": [0, 27, 0],
					"rotation": [2.5, 0, 0]
				},
				{
					"name": "leftArm",
					"parent": "body",
					"pivot": [-5, 22, 0],
					"rotation": [-110.00217, 0, 0],
					"cubes": [
						{"origin": [-8, 12, -2], "size": [4, 12, 4], "uv": [40, 16]},
						{"origin": [-7, 23, -3], "size": [0, 3, 5], "uv": [18, 52]},
						{"origin": [-5, 23, -3], "size": [0, 3, 5], "uv": [18, 52]}
					]
				},
				{
					"name": "rightArm",
					"parent": "body",
					"pivot": [5, 22, 0],
					"rotation": [-110.00217, 0, 0],
					"cubes": [
						{"origin": [4, 12, -2], "size": [4, 12, 4], "uv": [40, 16], "mirror": true},
						{"origin": [7, 23, -3], "size": [0, 3, 5], "uv": [18, 52]},
						{"origin": [5, 23, -3], "size": [0, 3, 5], "uv": [18, 52]}
					]
				},
				{
					"name": "leftLeg",
					"pivot": [-1.9, 12, 0],
					"cubes": [
						{"origin": [-3.9, 0, -2], "size": [4, 12, 4], "uv": [0, 16]}
					]
				},
				{
					"name": "rightLeg",
					"pivot": [1.9, 12, 0],
					"cubes": [
						{"origin": [-0.1, 0, -2], "size": [4, 12, 4], "uv": [0, 16], "mirror": true}
					]
				}
			]
		}
	]
}