{
	"format_version": "1.12.0",
	"minecraft:geometry": [
		{
			"description": {
				"identifier": "geometry.spitter",
				"texture_width": 64,
				"texture_height": 64,
				"visible_bounds_width": 2,
				"visible_bounds_height": 4,
				"visible_bounds_offset": [0, 0, 0]
			},
			"bones": [
				{
					"name": "body",
					"pivot": [0, 12, 0],
					"cubes": [
						{"origin": [-4, 12, -2], "size": [8, 12, 4], "uv": [16, 16], "mirror": true},
						{"origin": [-2, 16, -2.5], "size": [2, 2, 2], "uv": [56, 52]},
						{"origin": [0, 14, -3], "size": [1, 1, 2], "uv": [56, 52]},
						{"origin": [-3, 15, -3], "size": [2, 2, 2], "uv": [56, 52]},
						{"origin": [-1, 19, 2], "size": [1, 1, 1], "uv": [0, 0]},
						{"origin": [-3, 16, 1], "size": [6, 7, 3], "pivot": [0, 24, 0], "rotation": [-5, 0, 0], "uv": [25, 46]}
					]
				},
				{
					"name": "head",
					"parent": "body",
					"pivot": [0, 24, 0],
					"rotation": [5.00192, 0, 0],
					"cubes": [
						{"origin": [-4, 25, -4], "size": [8, 8, 8], "uv": [0, 0], "mirror": true}
					]
				},
				{
					"name": "neck",
					"parent": "head",
					"pivot": [0, 24, 0],
					"cubes": [
						{"origin": [-1, 22, -1], "size": [2, 4, 2], "uv": [0, 0]}
					]
				},
				{
					"name": "ephungus_r1",
					"parent": "neck",
					"pivot": [0, 24, 0],
					"rotation": [2.4981, 0, 0],
					"cubes": [
						{"origin": [-1, 25, -3], "size": [2, 2, 4], "uv": [0, 50]}
					]
				},
				{
					"name": "leftLeg",
					"pivot": [-1.9, 12, 0],
					"rotation": [0, 0, 7.50002],
					"cubes": [
						{"origin": [-3.9, 0, -2], "size": [4, 12, 4], "uv": [0, 16]}
					]
				},
				{
					"name": "rightLeg",
					"pivot": [1.9, 12, 0],
					"rotation": [0, 0, -7.50002],
					"cubes": [
						{"origin": [-0.1, 0, -2], "size": [4, 12, 4], "uv": [0, 16], "mirror": true}
					]
				}
			]
		}
	]
}