{
	"format_version": "1.12.0",
	"minecraft:geometry": [
		{
			"description": {
				"identifier": "geometry.suckerx",
				"texture_width": 64,
				"texture_height": 64,
				"visible_bounds_width": 3,
				"visible_bounds_height": 2.5,
				"visible_bounds_offset": [0, 0.75, 0]
			},
			"bones": [
				{
					"name": "main",
					"pivot": [0, 0, 0]
				},
				{
					"name": "head",
					"parent": "main",
					"pivot": [0, 0, 0],
					"cubes": [
						{"origin": [0, 0, -4], "size": [0, 12, 12], "uv": [36, 23]},
						{"origin": [1, 0, -4], "size": [0, 12, 12], "pivot": [0, 0, 0], "rotation": [0, 15, 0], "uv": [36, 23]},
						{"origin": [-1, 0, -4], "size": [0, 12, 12], "pivot": [0, 0, 0], "rotation": [0, -20, 0], "uv": [36, 23]},
						{"origin": [-1, 0, -4], "size": [0, 12, 12], "pivot": [0, 0, 0], "rotation": [0, -12.5, 0], "uv": [36, 23]},
						{"origin": [-4, 0, -4], "size": [8, 8, 8], "uv": [0, 0], "mirror": true},
						{"origin": [4, 1, -1], "size": [1, 6, 2], "uv": [26, 48]},
						{"origin": [-5, 1, -1], "size": [1, 6, 2], "uv": [26, 48]},
						{"origin": [-3, 0.5, -3], "size": [6, 5, 5], "uv": [42, 1]}
					]
				},
				{
					"name": "wing1",
					"parent": "head",
					"pivot": [4, 4, 0],
					"cubes": [
						{"origin": [4, 1, 0], "size": [7, 6, 0], "uv": [0, 38]}
					]
				},
				{
					"name": "wing2",
					"parent": "head",
					"pivot": [-4, 4, 0],
					"cubes": [
						{"origin": [-11, 1, 0], "size": [7, 6, 0], "uv": [0, 52]}
					]
				}
			]
		}
	]
}