{
	"format_version": "1.12.0",
	"minecraft:geometry": [
		{
			"description": {
				"identifier": "geometry.sucker",
				"texture_width": 64,
				"texture_height": 64,
				"visible_bounds_width": 3,
				"visible_bounds_height": 2.5,
				"visible_bounds_offset": [0, 0.75, 0]
			},
			"bones": [
				{
					"name": "main",
					"pivot": [0, 0, 0]
				},
				{
					"name": "keen",
					"parent": "main",
					"pivot": [0, 0, 0]
				},
				{
					"name": "head",
					"parent": "keen",
					"pivot": [0, 0, 0],
					"cubes": [
						{"origin": [-4, 0, -4], "size": [8, 8, 8], "uv": [0, 0], "mirror": true},
						{"origin": [-3.5, 0.5, -3.5], "size": [7, 7, 7], "uv": [32, 1]}
					]
				},
				{
					"name": "head2",
					"parent": "head",
					"pivot": [0, 8, -4],
					"cubes": [
						{"origin": [0, 0, -4], "size": [0, 12, 12], "uv": [1, 14]}
					]
				},
				{
					"name": "head3",
					"parent": "head",
					"pivot": [0, 8, -4],
					"rotation": [0, 22.5, 0],
					"cubes": [
						{"origin": [0, 0, -4], "size": [0, 12, 12], "uv": [1, 14]}
					]
				},
				{
					"name": "head4",
					"parent": "head",
					"pivot": [0, 8, -4],
					"rotation": [0, -22.5, 0],
					"cubes": [
						{"origin": [0, 0, -4], "size": [0, 12, 12], "uv": [1, 14], "mirror": true}
					]
				},
				{
					"name": "wing1",
					"parent": "head",
					"pivot": [4, 4, 0],
					"cubes": [
						{"origin": [4, 0, 0], "size": [10, 8, 0], "uv": [1, 17], "mirror": true}
					]
				},
				{
					"name": "wing2",
					"parent": "head",
					"pivot": [-4, 4, 0],
					"cubes": [
						{"origin": [-14, 0, 0], "size": [10, 8, 0], "uv": [1, 17]}
					]
				},
				{
					"name": "tongue",
					"parent": "head",
					"pivot": [0, 2.5, -3.5],
					"rotation": [45, 0, 0],
					"cubes": [
						{"origin": [-1.5, 0.5, -6.5], "size": [3, 1, 3], "uv": [32, 15]}
					]
				}
			]
		}
	]
}