{
	"format_version": "1.12.0",
	"minecraft:geometry": [
		{
			"description": {
				"identifier": "geometry.swarmer",
				"texture_width": 128,
				"texture_height": 128,
				"visible_bounds_width": 3,
				"visible_bounds_height": 3.5,
				"visible_bounds_offset": [0, 1.25, 0]
			},
			"bones": [
				{
					"name": "waist",
					"pivot": [0, 12, 0]
				},
				{
					"name": "Body",
					"parent": "waist",
					"pivot": [0, 14, 0],
					"cubes": [
						{"origin": [-4, 12, -3], "size": [8, 12, 6], "uv": [47, 50]},
						{"origin": [-4, 6, -3], "size": [8, 18, 6], "inflate": 0.5, "uv": [0, 22]}
					]
				},
				{
					"name": "bag",
					"parent": "Body",
					"pivot": [0, 16, 2],
					"cubes": [
						{"origin": [-4.6, 13, 2.6], "size": [9, 9, 7], "inflate": 0.5, "uv": [21, 40]}
					]
				},
				{
					"name": "RightArm",
					"parent": "Body",
					"pivot": [-5, 22, 0],
					"cubes": [
						{"origin": [-8, 19, -2], "size": [4, 5, 4], "uv": [60, 34]},
						{"origin": [-7, 14, -1], "size": [2, 5, 2], "uv": [87, 15]}
					]
				},
				{
					"name": "LeftArm",
					"parent": "Body",
					"pivot": [5, 22, 0],
					"mirror": true,
					"cubes": [
						{"origin": [4, 12, -2], "size": [4, 12, 4], "uv": [60, 34]}
					]
				},
				{
					"name": "rec",
					"parent": "Body",
					"pivot": [0, 24, 0]
				},
				{
					"name": "head",
					"parent": "rec",
					"pivot": [0, 24, 0]
				},
				{
					"name": "helmet",
					"parent": "head",
					"pivot": [0, 24, 0],
					"cubes": [
						{"origin": [-4, 24, -4], "size": [8, 10, 8], "inflate": 0.5, "uv": [28, 22]},
						{"origin": [-4.6, 23.1, -5.9], "size": [9, 11, 10], "inflate": 0.5, "uv": [1, 1]},
						{"origin": [-8, 30.3, -9], "size": [16, 1, 16], "uv": [64, 88]},
						{"origin": [-8, 26.3, -9], "size": [16, 4, 16], "uv": [0, 108]},
						{"origin": [-1, 23, -6], "size": [2, 4, 2], "inflate": 0.25, "uv": [0, 0]}
					]
				},
				{
					"name": "LeftLeg",
					"parent": "waist",
					"pivot": [2, 12, 0],
					"mirror": true,
					"cubes": [
						{"origin": [0, 0, -2], "size": [4, 12, 4], "uv": [0, 57]}
					]
				},
				{
					"name": "RightLeg",
					"parent": "waist",
					"pivot": [-2, 12, 0],
					"cubes": [
						{"origin": [-4, 0, -2], "size": [4, 12, 4], "uv": [0, 57]}
					]
				}
			]
		}
	]
}