{
	"format_version": "1.12.0",
	"minecraft:geometry": [
		{
			"description": {
				"identifier": "geometry.the_rod",
				"texture_width": 128,
				"texture_height": 128,
				"visible_bounds_width": 3,
				"visible_bounds_height": 4.5,
				"visible_bounds_offset": [0, 1.75, 0]
			},
			"bones": [
				{
					"name": "alll",
					"pivot": [0, 12, 0]
				},
				{
					"name": "body",
					"parent": "alll",
					"pivot": [0, 12, 0],
					"cubes": [
						{"origin": [-4, 12, -2], "size": [8, 12, 4], "uv": [0, 0]}
					]
				},
				{
					"name": "head",
					"parent": "body",
					"pivot": [0, 24, 0],
					"cubes": [
						{"origin": [-4, 22, -3], "size": [8, 8, 8], "pivot": [0, 24, 0], "rotation": [-17.5, 0, 45], "uv": [0, 33]},
						{"origin": [-5, 21, -4], "size": [10, 3, 10], "pivot": [0, 24, 0], "rotation": [-17.5, 0, 45], "uv": [87, 30]}
					]
				},
				{
					"name": "rod",
					"parent": "head",
					"pivot": [0, 22, 1],
					"rotation": [-45, 0, 0],
					"cubes": [
						{"origin": [-1, 21, -23], "size": [2, 2, 31], "pivot": [0, 22, 1], "rotation": [-7.5, 0, 0], "uv": [0, 49]},
						{"origin": [-3, 23, -17], "size": [6, 2, 2], "uv": [49, 58]},
						{"origin": [-4, 23, -21], "size": [8, 2, 2], "uv": [49, 58]},
						{"origin": [-6, 24, -24], "size": [12, 0, 17], "uv": [34, 0]},
						{"origin": [-6, 24, -24], "size": [12, 0, 17], "pivot": [0, 22, 1], "rotation": [0, 0, 15], "uv": [34, 0]},
						{"origin": [-6, 24, -24], "size": [12, 0, 17], "pivot": [0, 22, 1], "rotation": [0, 0, -15], "uv": [34, 0]}
					]
				},
				{
					"name": "leftArm",
					"parent": "body",
					"pivot": [-5, 22, 0],
					"cubes": [
						{"origin": [-9, 7.5, -3], "size": [4, 17, 6], "uv": [0, 49]}
					]
				},
				{
					"name": "rightArm",
					"parent": "body",
					"pivot": [5, 22, 0],
					"cubes": [
						{"origin": [4, 12, -2], "size": [4, 12, 4], "uv": [51, 0]},
						{"origin": [5, 7.5, -3], "size": [4, 17, 6], "uv": [0, 49]}
					]
				},
				{
					"name": "blackrobe",
					"parent": "body",
					"pivot": [0, 22.5, 2],
					"cubes": [
						{"origin": [-5, 8.5, -3], "size": [10, 16, 6], "uv": [48, 27]}
					]
				},
				{
					"name": "leftLeg",
					"parent": "alll",
					"pivot": [-1.9, 12, 0],
					"cubes": [
						{"origin": [-3.9, 0, -2], "size": [4, 12, 4], "uv": [32, 33]}
					]
				},
				{
					"name": "rightLeg",
					"parent": "alll",
					"pivot": [1.9, 12, 0],
					"cubes": [
						{"origin": [-0.1, 0, -2], "size": [4, 12, 4], "uv": [32, 33]}
					]
				}
			]
		}
	]
}