{
	"format_version": "1.12.0",
	"minecraft:geometry": [
		{
			"description": {
				"identifier": "geometry.the_plague",
				"texture_width": 64,
				"texture_height": 64,
				"visible_bounds_width": 3,
				"visible_bounds_height": 3.5,
				"visible_bounds_offset": [0, 1.25, 0]
			},
			"bones": [
				{
					"name": "body",
					"pivot": [0, 12, 0],
					"cubes": [
						{"origin": [-4, 12, -2], "size": [8, 12, 4], "uv": [16, 16], "mirror": true}
					]
				},
				{
					"name": "heade",
					"parent": "body",
					"pivot": [0, 24, -1]
				},
				{
					"name": "head",
					"parent": "heade",
					"pivot": [0, 24, -1],
					"rotation": [0, 0, 20.00196],
					"cubes": [
						{"origin": [-4, 24, -5], "size": [8, 8, 8], "uv": [0, 0], "mirror": true},
						{"origin": [3, 25, -6], "size": [2, 2, 2], "uv": [0, 0]},
						{"origin": [-5, 28, -6], "size": [3, 2, 2], "uv": [0, 0]}
					]
				},
				{
					"name": "cube_r1",
					"parent": "head",
					"pivot": [0, 24, -1],
					"rotation": [12.50194, -2.4981, 0],
					"cubes": [
						{"origin": [-7, 21, -6], "size": [7, 6, 9], "uv": [0, 49]},
						{"origin": [2, 21, -1], "size": [3, 2, 2], "pivot": [0, 0, 0], "rotation": [14.78217, 2.57594, -9.6658], "uv": [0, 0]},
						{"origin": [-11, 19, -1], "size": [3, 2, 2], "pivot": [0, 0, 0], "rotation": [0, 0, 10], "uv": [0, 0]},
						{"origin": [-8, 23, -2], "size": [3, 2, 2], "pivot": [0, 0, 0], "rotation": [-10, 0, 0], "uv": [0, 0]},
						{"origin": [-8, 23, -6], "size": [3, 2, 2], "pivot": [0, 0, 0], "rotation": [2.5, 0, 0], "uv": [0, 0]},
						{"origin": [-6, 26, -1], "size": [3, 2, 2], "uv": [0, 0]}
					]
				},
				{
					"name": "farmer",
					"parent": "head",
					"pivot": [0, 31, -11],
					"cubes": [
						{"origin": [-4, 32, -4.5], "size": [8, 4, 7], "uv": [33, 33]},
						{"origin": [-8, 32, -9], "size": [16, 0, 16], "uv": [16, 48]}
					]
				},
				{
					"name": "rightArm",
					"parent": "body",
					"pivot": [5, 22, 0],
					"rotation": [-65.00206, 2.4981, 5.00192],
					"cubes": [
						{"origin": [-5, -15, -19], "size": [0, 16, 14], "pivot": [0, 0, 0], "rotation": [32.5, 0, -177.5], "uv": [0, 18]},
						{"origin": [4, 12, -2], "size": [4, 12, 4], "uv": [40, 16], "mirror": true}
					]
				},
				{
					"name": "leftLeg",
					"parent": "body",
					"pivot": [-1.9, 12, 0],
					"rotation": [0, 0, 7.5],
					"cubes": [
						{"origin": [-3.9, 0, -2], "size": [4, 12, 4], "uv": [0, 16]}
					]
				},
				{
					"name": "rightLeg",
					"parent": "body",
					"pivot": [1.9, 12, 0],
					"rotation": [0, 0, -5],
					"cubes": [
						{"origin": [-0.1, 0, -2], "size": [4, 12, 4], "uv": [0, 16], "mirror": true}
					]
				},
				{
					"name": "wheatsack",
					"parent": "body",
					"pivot": [0, 23, 2],
					"cubes": [
						{"origin": [-3, 14, 2], "size": [6, 9, 6], "uv": [32, 1]},
						{"origin": [1, 22, 3], "size": [0, 4, 4], "uv": [50, -1]},
						{"origin": [2, 20, 3], "size": [0, 4, 4], "uv": [50, -1]},
						{"origin": [0, 23, 3], "size": [0, 4, 4], "uv": [50, -1]},
						{"origin": [-2, 20, 3], "size": [0, 4, 4], "uv": [50, -1]},
						{"origin": [-1, 22, 3], "size": [0, 4, 4], "uv": [50, -1]}
					]
				}
			]
		}
	]
}