{
	"format_version": "1.12.0",
	"minecraft:geometry": [
		{
			"description": {
				"identifier": "geometry.thebear",
				"texture_width": 128,
				"texture_height": 128,
				"visible_bounds_width": 3,
				"visible_bounds_height": 3.5,
				"visible_bounds_offset": [0, 1.25, 0]
			},
			"bones": [
				{
					"name": "Body",
					"pivot": [0, 12, 0],
					"cubes": [
						{"origin": [-4, 12, -2], "size": [8, 12, 4], "uv": [52, 51]},
						{"origin": [-5, 11, -2.5], "size": [10, 2, 5], "uv": [0, 82]}
					]
				},
				{
					"name": "jacket",
					"parent": "Body",
					"pivot": [0, 1, 0]
				},
				{
					"name": "head",
					"parent": "Body",
					"pivot": [0, 24, 0],
					"rotation": [0.45438, -0.01343, 0.52071],
					"cubes": [
						{"origin": [-4, 24, -4], "size": [8, 8, 8], "uv": [24, 22]},
						{"origin": [-2, 21.3, -5], "size": [2, 4, 2], "pivot": [0, 23, -4], "rotation": [-9.63411, 2.07614, 13.11577], "uv": [56, 0]},
						{"origin": [-1, 20.8, -5.2], "size": [3, 4, 2], "pivot": [0, 23, -4], "rotation": [-9.85309, -0.04755, 0.79484], "uv": [16, 72]},
						{"origin": [-1, 25, -5.3], "size": [2, 1, 2], "pivot": [0, 23, -4], "rotation": [-9.85309, -0.04755, 0.79484], "uv": [48, 27]},
						{"origin": [-2.5, 24.8, -5.1], "size": [5, 1, 2], "pivot": [0, 23, -4], "rotation": [-9.85309, -0.04755, 0.79484], "uv": [40, 18]},
						{"origin": [1.5, 20.2, -4.8], "size": [2, 4, 2], "pivot": [0, 23, -4], "rotation": [-9.09816, -3.79877, -21.4069], "uv": [48, 21]},
						{"origin": [3.89161, 20.54366, -4.39657], "size": [2, 4, 2], "pivot": [2.69161, 22.94366, -3.69657], "rotation": [-7.26514, -6.67403, -41.28507], "uv": [0, 14]},
						{"origin": [-3.4, 20.4, -4.6], "size": [2, 4, 2], "pivot": [0, 23, -4], "rotation": [-9.28559, 3.31053, 20.52182], "uv": [43, 55]},
						{"origin": [-5.05831, 22.48443, -4.1648], "size": [2, 4, 2], "pivot": [-3.45831, 24.38443, -3.3648], "rotation": [-8.12448, 5.59362, 35.39318], "uv": [0, 30]},
						{"origin": [-1.5, 19.9, -4.7], "size": [3, 4, 2], "pivot": [0, 23, -4], "rotation": [-9.85309, -0.04755, 0.79484], "uv": [26, 72]}
					]
				},
				{
					"name": "RightArm",
					"parent": "Body",
					"pivot": [-5, 22, 0],
					"cubes": [
						{"origin": [-8, 12, -2], "size": [4, 12, 4], "uv": [43, 67]},
						{"origin": [-8, 22, -1], "size": [1, 7, 1], "pivot": [-5, 22, 0], "rotation": [0, 0, -35], "uv": [48, 86]},
						{"origin": [-6, 25, 0], "size": [1, 3, 1], "pivot": [-5, 22, 0], "rotation": [-33.17861, 32.80179, -48.87173], "uv": [59, 98]}
					]
				},
				{
					"name": "LeftArm",
					"parent": "Body",
					"pivot": [5, 22, 0],
					"mirror": true,
					"cubes": [
						{"origin": [5.4, 22.5, 3.5], "size": [1, 5, 1], "pivot": [7.9, 27, 2], "rotation": [-32.27733, -4.02155, -6.33586], "uv": [58, 99]},
						{"origin": [10.6, 20.5, 0.4], "size": [1, 5, 1], "pivot": [7.9, 27, 2], "rotation": [-29.01966, -20.9125, 48.2668], "uv": [64, 101]}
					]
				},
				{
					"name": "Leftarmdis",
					"parent": "LeftArm",
					"pivot": [6, 21, 0],
					"cubes": [
						{"origin": [4, 12, -2], "size": [4, 12, 4], "uv": [43, 67], "mirror": true},
						{"origin": [8, 19, -2], "size": [0, 4, 4], "uv": [-2, -2]}
					]
				},
				{
					"name": "hammer",
					"parent": "LeftArm",
					"pivot": [6.1, 13.375, 0.5],
					"rotation": [90, 0, -90],
					"cubes": [
						{"origin": [5.1, 8.5, -0.5], "size": [2, 21, 2], "uv": [59, 67]},
						{"origin": [0.1, 29.375, -7.5], "size": [13, 12, 14], "uv": [0, 91]}
					]
				},
				{
					"name": "RightLeg",
					"pivot": [-1.9, 12, 0],
					"cubes": [
						{"origin": [-3.9, 0, -2], "size": [4, 12, 4], "uv": [0, 60]}
					]
				},
				{
					"name": "LeftLeg",
					"pivot": [1.9, 12, 0],
					"mirror": true,
					"cubes": [
						{"origin": [-0.1, 0, -2], "size": [4, 12, 4], "uv": [0, 60]}
					]
				}
			]
		}
	]
}