{
	"format_version": "1.12.0",
	"minecraft:geometry": [
		{
			"description": {
				"identifier": "geometry.thedugeon",
				"texture_width": 64,
				"texture_height": 64,
				"visible_bounds_width": 3,
				"visible_bounds_height": 3.5,
				"visible_bounds_offset": [0, 1.25, 0]
			},
			"bones": [
				{
					"name": "waist",
					"pivot": [0, 12, 0]
				},
				{
					"name": "Body",
					"parent": "waist",
					"pivot": [0, 13, 0],
					"cubes": [
						{"origin": [-4, 12, -2], "size": [8, 12, 4], "uv": [16, 16]},
						{"origin": [-4, 4, -2], "size": [8, 20, 4], "inflate": 0.5, "uv": [16, 32]}
					]
				},
				{
					"name": "Head",
					"parent": "Body",
					"pivot": [0, 24, 0],
					"cubes": [
						{"origin": [-4, 24, -4], "size": [8, 8, 8], "uv": [0, 0]},
						{"origin": [-5, 22, -5], "size": [10, 12, 1], "uv": [42, 32]}
					]
				},
				{
					"name": "RightArm",
					"parent": "Body",
					"pivot": [-5, 22, 0],
					"cubes": [
						{"origin": [-6, 12, -1], "size": [2, 12, 2], "uv": [40, 16]},
						{"origin": [-7, 12, -1.5], "size": [3, 12, 3], "inflate": 0.25, "uv": [48, 16]}
					]
				},
				{
					"name": "LeftArm",
					"parent": "Body",
					"pivot": [5, 22, 0],
					"mirror": true,
					"cubes": [
						{"origin": [4, 12, -1], "size": [2, 12, 2], "uv": [40, 16]},
						{"origin": [4, 12, -1.5], "size": [3, 12, 3], "inflate": 0.25, "uv": [48, 16]}
					]
				},
				{
					"name": "RightLeg",
					"parent": "waist",
					"pivot": [-2, 12, 0],
					"cubes": [
						{"origin": [-3, 0, -1], "size": [2, 12, 2], "uv": [0, 16]},
						{"origin": [-3, 0, -1], "size": [2, 12, 2], "inflate": 0.25, "uv": [0, 30]}
					]
				},
				{
					"name": "LeftLeg",
					"parent": "waist",
					"pivot": [2, 12, 0],
					"mirror": true,
					"cubes": [
						{"origin": [1, 0, -1], "size": [2, 12, 2], "uv": [0, 16]},
						{"origin": [1, 0, -1], "size": [2, 12, 2], "inflate": 0.25, "uv": [0, 30]}
					]
				}
			]
		}
	]
}