{
	"format_version": "1.12.0",
	"minecraft:geometry": [
		{
			"description": {
				"identifier": "geometry.unknown",
				"texture_width": 64,
				"texture_height": 64,
				"visible_bounds_width": 3,
				"visible_bounds_height": 2.5,
				"visible_bounds_offset": [0, 0.75, 0]
			},
			"bones": [
				{
					"name": "controller",
					"pivot": [1, 3, 1]
				},
				{
					"name": "body",
					"parent": "controller",
					"pivot": [0, 12, 0],
					"rotation": [30, 0, 0],
					"cubes": [
						{"origin": [-2, 12, 8], "size": [6, 9, 6], "pivot": [0, 9, 9], "rotation": [90, 0, 0], "uv": [0, 13]}
					]
				},
				{
					"name": "leg0",
					"parent": "body",
					"pivot": [2.5, 9, 5],
					"cubes": [
						{"origin": [1.5, 1, 4], "size": [2, 8, 2], "uv": [0, 42]},
						{"origin": [3.8, 0, 2], "size": [0, 3, 5], "uv": [16, 45]},
						{"origin": [1.2, 0, 2], "size": [0, 3, 5], "uv": [26, 46]}
					]
				},
				{
					"name": "hindleg",
					"parent": "leg0",
					"pivot": [2.5, 2, 5],
					"cubes": [
						{"origin": [1.5, 1, -2], "size": [2, 2, 8], "uv": [24, 13]}
					]
				},
				{
					"name": "second",
					"parent": "hindleg",
					"pivot": [2.5, 2, -2],
					"cubes": [
						{"origin": [1.5, 1, -7], "size": [2, 2, 5], "uv": [36, 33]}
					]
				},
				{
					"name": "leg1",
					"parent": "body",
					"pivot": [-0.5, 9, 5],
					"cubes": [
						{"origin": [-1.5, 1, 4], "size": [2, 8, 2], "uv": [8, 42]},
						{"origin": [0.8, 0, 2], "size": [0, 3, 5], "uv": [50, 29]},
						{"origin": [-1.8, 0, 2], "size": [0, 3, 5], "uv": [50, 0]}
					]
				},
				{
					"name": "hindleg2",
					"parent": "leg1",
					"pivot": [-0.5, 2, 5],
					"cubes": [
						{"origin": [-1.5, 1, -2], "size": [2, 2, 8], "uv": [24, 23]}
					]
				},
				{
					"name": "second2",
					"parent": "hindleg2",
					"pivot": [-0.5, 2, -2],
					"cubes": [
						{"origin": [-1.5, 1, -7], "size": [2, 2, 5], "uv": [16, 38]}
					]
				},
				{
					"name": "tail",
					"parent": "body",
					"pivot": [1, 12, 7],
					"rotation": [140, 0, 0],
					"cubes": [
						{"origin": [0, 5, 8], "size": [2, 9, 0], "uv": [60, 16]}
					]
				},
				{
					"name": "upperBody",
					"parent": "body",
					"pivot": [1, 12, 0],
					"rotation": [15, 0, 0],
					"cubes": [
						{"origin": [-3, 8, -7], "size": [8, 6, 7], "uv": [0, 0]},
						{"origin": [-2, 9, -6], "size": [6, 4, 4], "uv": [44, 50]},
						{"origin": [1, 14, -4], "size": [0, 6, 8], "uv": [0, 28]},
						{"origin": [5, 8, -7], "size": [0, 6, 7], "pivot": [5, 12, -7], "rotation": [0, 22.5, 0], "uv": [50, 51]},
						{"origin": [-3, 8, -7], "size": [0, 6, 7], "pivot": [-3, 12, -7], "rotation": [0, -22.5, 0], "uv": [50, 51]},
						{"origin": [2, 9, -7], "size": [0, 8, 7], "pivot": [2, 14, -7], "rotation": [0, -47.5, 90], "uv": [8, 49]}
					]
				},
				{
					"name": "head",
					"parent": "upperBody",
					"pivot": [1, 10.5, -9],
					"cubes": [
						{"origin": [-2, 8.5, -11], "size": [6, 5, 4], "uv": [30, 0]},
						{"origin": [2, 13.5, -9], "size": [2, 2, 1], "uv": [16, 28]},
						{"origin": [-2, 13.5, -9], "size": [2, 2, 1], "uv": [44, 29]},
						{"origin": [-0.5, 8.52, -14], "size": [3, 2, 4], "uv": [30, 40]},
						{"origin": [2, 8.5, -12], "size": [0, 1, 1], "pivot": [1, 7.5, -11], "rotation": [27.58957, 4.43385, 2.31336], "uv": [3, 1]},
						{"origin": [2, 8.5, -13], "size": [0, 1, 1], "pivot": [1, 7.5, -12], "rotation": [0, 20, 0], "uv": [3, 1]},
						{"origin": [0, 8.5, -12], "size": [0, 1, 1], "pivot": [-1, 7.5, -11], "rotation": [0, 20, 0], "uv": [3, 1]},
						{"origin": [3, 8.5, -10], "size": [0, 1, 1], "pivot": [2, 7.5, -9], "rotation": [11.79198, 16.27014, 36.69146], "uv": [3, 1]},
						{"origin": [0, 8.5, -10], "size": [0, 1, 1], "pivot": [-1, 7.5, -9], "rotation": [46.61884, 74.34076, 78.88025], "uv": [3, 1]},
						{"origin": [2, 8.5, -13], "size": [0, 1, 1], "pivot": [1, 7.5, -12], "rotation": [46.61884, 74.34076, 78.88025], "uv": [3, 1]},
						{"origin": [1, 8.5, -13], "size": [0, 1, 1], "pivot": [0, 7.5, -12], "rotation": [46.61884, 74.34076, 78.88025], "uv": [3, 1]},
						{"origin": [2, 7.5, -13], "size": [0, 1, 1], "pivot": [1, 6.5, -12], "rotation": [162.88599, 32.65794, -176.37274], "uv": [3, 1]},
						{"origin": [3, 8.5, -10], "size": [0, 1, 1], "pivot": [2, 7.5, -9], "rotation": [27.58957, 4.43385, 2.31336], "uv": [3, 1]},
						{"origin": [2, 8.5, -11], "size": [0, 1, 1], "pivot": [1, 7.5, -10], "rotation": [27.58957, 4.43385, 2.31336], "uv": [3, 1]},
						{"origin": [4, 8.5, -9], "size": [0, 1, 1], "pivot": [3, 7.5, -8], "rotation": [27.58957, 4.43385, 2.31336], "uv": [3, 1]},
						{"origin": [-2, 8.5, -10], "size": [0, 1, 1], "pivot": [-3, 7.5, -9], "rotation": [31.68416, -28.46296, -16.39211], "uv": [3, 1]}
					]
				},
				{
					"name": "bone",
					"parent": "head",
					"pivot": [1, 8.5, -7],
					"rotation": [17.5, 0, 0],
					"cubes": [
						{"origin": [-2, 7.5, -11], "size": [6, 1, 4], "uv": [16, 33]},
						{"origin": [-0.5, 7.52, -14], "size": [3, 1, 3], "uv": [30, 9]},
						{"origin": [2, 8.5, -13], "size": [0, 1, 1], "pivot": [1, 7.5, -12], "rotation": [0, 20, 0], "uv": [3, 1]},
						{"origin": [0, 8.5, -12], "size": [0, 1, 1], "pivot": [-1, 7.5, -11], "rotation": [0, 20, 0], "uv": [3, 1]},
						{"origin": [3, 8.5, -10], "size": [0, 1, 1], "pivot": [2, 7.5, -9], "rotation": [11.79198, 16.27014, 36.69146], "uv": [3, 1]},
						{"origin": [0, 8.5, -10], "size": [0, 1, 1], "pivot": [-1, 7.5, -9], "rotation": [46.61884, 74.34076, 78.88025], "uv": [3, 1]},
						{"origin": [2, 8.5, -13], "size": [0, 1, 1], "pivot": [1, 7.5, -12], "rotation": [46.61884, 74.34076, 78.88025], "uv": [3, 1]},
						{"origin": [1, 8.5, -13], "size": [0, 1, 1], "pivot": [0, 7.5, -12], "rotation": [46.61884, 74.34076, 78.88025], "uv": [3, 1]},
						{"origin": [2, 7.5, -13], "size": [0, 1, 1], "pivot": [1, 6.5, -12], "rotation": [162.88599, 32.65794, -176.37274], "uv": [3, 1]},
						{"origin": [3, 8.5, -10], "size": [0, 1, 1], "pivot": [2, 7.5, -9], "rotation": [27.58957, 4.43385, 2.31336], "uv": [3, 1]},
						{"origin": [2, 8.5, -12], "size": [0, 1, 1], "pivot": [1, 7.5, -11], "rotation": [27.58957, 4.43385, 2.31336], "uv": [3, 1]},
						{"origin": [2, 8.5, -11], "size": [0, 1, 1], "pivot": [1, 7.5, -10], "rotation": [27.58957, 4.43385, 2.31336], "uv": [3, 1]},
						{"origin": [-1, 8.5, -9], "size": [0, 1, 1], "pivot": [-2, 7.5, -8], "rotation": [27.58957, 4.43385, 2.31336], "uv": [3, 1]},
						{"origin": [4, 8.5, -9], "size": [0, 1, 1], "pivot": [3, 7.5, -8], "rotation": [27.58957, 4.43385, 2.31336], "uv": [3, 1]},
						{"origin": [-2, 8.5, -10], "size": [0, 1, 1], "pivot": [-3, 7.5, -9], "rotation": [31.68416, -28.46296, -16.39211], "uv": [3, 1]},
						{"origin": [2, 8.5, -10], "size": [0, 1, 1], "pivot": [1, 7.5, -9], "rotation": [31.68416, -28.46296, -16.39211], "uv": [3, 1]}
					]
				},
				{
					"name": "eye",
					"parent": "head",
					"pivot": [1, 10.5, -9],
					"cubes": [
						{"origin": [2.2, 10.5, -12], "size": [1, 1, 2], "uv": [0, 60]}
					]
				},
				{
					"name": "eye2",
					"parent": "head",
					"pivot": [-2, 10.5, -9],
					"cubes": [
						{"origin": [-0.8, 10.5, -12], "size": [1, 1, 2], "uv": [0, 60]}
					]
				}
			]
		}
	]
}