{
	"format_version": "1.12.0",
	"minecraft:geometry": [
		{
			"description": {
				"identifier": "geometry.thewolf",
				"texture_width": 128,
				"texture_height": 128,
				"visible_bounds_width": 3,
				"visible_bounds_height": 3.5,
				"visible_bounds_offset": [0, 1.25, 0]
			},
			"bones": [
				{
					"name": "bb_main",
					"pivot": [0, 0, 0]
				},
				{
					"name": "Body",
					"pivot": [0, 12, 0],
					"cubes": [
						{"origin": [-4, 12, -2], "size": [8, 12, 4], "uv": [52, 51]},
						{"origin": [-4.5, 12.1, -2.5], "size": [9, 12, 5], "uv": [28, 38]}
					]
				},
				{
					"name": "jacket",
					"parent": "Body",
					"pivot": [0, 1, 0],
					"cubes": [
						{"origin": [-4.5, 10, -2.5], "size": [9, 3, 5], "uv": [0, 48]}
					]
				},
				{
					"name": "head",
					"parent": "Body",
					"pivot": [0, 24, 0],
					"rotation": [0.45438, -0.01343, 0.52071],
					"cubes": [
						{"origin": [-4, 24, -4], "size": [8, 8, 8], "uv": [24, 22]},
						{"origin": [-4, 39, -28.1], "size": [8, 8, 8], "inflate": 0.5, "pivot": [0, 15, -24], "rotation": [-75, 0, 0], "uv": [0, 14]},
						{"origin": [7, 31, 1.9], "size": [1, 7, 1], "inflate": 0.5, "pivot": [3.5, 37, 0.4], "rotation": [-17.5, 0, 40], "uv": [57, 100]},
						{"origin": [-4, 15, -4], "size": [8, 9, 0], "uv": [19, 87]},
						{"origin": [-5, 27, -5], "size": [10, 6, 3], "uv": [89, 5]},
						{"origin": [-5, 29, -2], "size": [10, 2, 7], "uv": [95, 19]},
						{"origin": [-3, 24, -5], "size": [6, 3, 2], "pivot": [0, 24, -4], "rotation": [10, 0, 0], "uv": [2, 104]}
					]
				},
				{
					"name": "RightArm",
					"parent": "Body",
					"pivot": [-5, 22, 0],
					"cubes": [
						{"origin": [-8, 12, -2], "size": [4, 12, 4], "uv": [43, 67]},
						{"origin": [-8.3, 12.5, -2.5], "size": [5, 12, 5], "uv": [56, 18]},
						{"origin": [-10.3, 11.5, -5.5], "size": [2, 8, 11], "uv": [90, 74]},
						{"origin": [-10.3, 19.5, -4.5], "size": [2, 1, 9], "uv": [99, 48]},
						{"origin": [-10.3, 20.5, -3.5], "size": [2, 1, 7], "uv": [83, 116]},
						{"origin": [-10.3, 9.5, -3.5], "size": [2, 1, 7], "uv": [83, 116]},
						{"origin": [-10.3, 10.5, -4.5], "size": [2, 1, 9], "uv": [99, 48]},
						{"origin": [-8.3, 14.5, -3.5], "size": [5, 2, 7], "uv": [88, 95]},
						{"origin": [-8, 22, -1], "size": [1, 7, 1], "pivot": [-5, 22, 0], "rotation": [0, 0, -35], "uv": [58, 99]},
						{"origin": [-6, 25, 0], "size": [1, 3, 1], "pivot": [-5, 22, 0], "rotation": [-33.17861, 32.80179, -48.87173], "uv": [59, 98]}
					]
				},
				{
					"name": "LeftArm",
					"parent": "Body",
					"pivot": [5, 22, 0],
					"mirror": true,
					"cubes": [
						{"origin": [3.4, 12.5, -2.5], "size": [5, 12, 5], "uv": [56, 18]},
						{"origin": [5.4, 22.5, 3.5], "size": [1, 5, 1], "pivot": [7.9, 27, 2], "rotation": [-32.27733, -4.02155, -6.33586], "uv": [58, 99]},
						{"origin": [10.6, 20.5, 0.4], "size": [1, 5, 1], "pivot": [7.9, 27, 2], "rotation": [-29.01966, -20.9125, 48.2668], "uv": [64, 101]},
						{"origin": [4, 12, -2], "size": [4, 12, 4], "uv": [43, 67]}
					]
				},
				{
					"name": "axe_rig",
					"parent": "LeftArm",
					"pivot": [6, 14, 0]
				},
				{
					"name": "hammer",
					"parent": "axe_rig",
					"pivot": [6.1, 14.375, -9.5],
					"rotation": [90.85481, -0.01753, 92.34914],
					"cubes": [
						{"origin": [5.1, -2.5, -10.5], "size": [2, 21, 2], "uv": [59, 67]},
						{"origin": [4.1, -6.5, -11.5], "size": [4, 4, 4], "uv": [24, 14]},
						{"origin": [4.6, -2.5, -11], "size": [3, 3, 3], "uv": [30, 0]}
					]
				},
				{
					"name": "blade",
					"parent": "hammer",
					"pivot": [6.1, 18.375, -9.5],
					"cubes": [
						{"origin": [-0.9, 12.375, -9.5], "size": [13, 13, 0], "uv": [22, 101]}
					]
				},
				{
					"name": "RightLeg",
					"parent": "Body",
					"pivot": [-1.9, 12, 0],
					"cubes": [
						{"origin": [-3.9, 0, -2], "size": [4, 12, 4], "uv": [0, 60]}
					]
				},
				{
					"name": "LeftLeg",
					"parent": "Body",
					"pivot": [1.9, 12, 0],
					"mirror": true,
					"cubes": [
						{"origin": [-0.1, 0, -2], "size": [4, 12, 4], "uv": [0, 60]}
					]
				}
			]
		}
	]
}