{
	"credit": "Made with Blockbench",
	"parent": "block/block",
	"elements": [
		{
			"from": [4.5, 4.5, 4.5],
			"to": [11.5, 11.5, 11.5],
			"shade": false,
			"faces": {
				"north": {"uv": [0, 6, 8, 14], "texture": "#0"},
				"east": {"uv": [0, 6, 8, 14], "texture": "#0"},
				"south": {"uv": [0, 6, 8, 14], "texture": "#0"},
				"west": {"uv": [0, 6, 8, 14], "texture": "#0"},
				"up": {"uv": [0, 6, 8, 14], "texture": "#0"},
				"down": {"uv": [0, 6, 8, 14], "texture": "#0"}
			}
		}
	],
	"display": {
		"thirdperson_righthand": {
			"rotation": [-20, 0, 45],
			"translation": [0, 1.5, 0],
			"scale": [0.5, 0.5, 0.5]
		},
		"thirdperson_lefthand": {
			"rotation": [-20, 0, 45],
			"translation": [0, 1.5, 0],
			"scale": [0.5, 0.5, 0.5]
		},
		"firstperson_righthand": {
			"rotation": [0, 45, 0],
			"scale": [0.6, 0.6, 0.6]
		},
		"firstperson_lefthand": {
			"rotation": [0, 45, 0],
			"scale": [0.6, 0.6, 0.6]
		},
		"ground": {
			"translation": [0, 3, 0],
			"scale": [0.4, 0.4, 0.4]
		},
		"gui": {
			"rotation": [30, -135, 0]
		},
		"head": {
			"translation": [4.25, 4.25, 4.25]
		},
		"fixed": {
			"scale": [1.4, 1.4, 1.4]
		}
	}
}